id,title,category,description,image_url,link,posted
1jmBaBvk8rKoV5rvARPayvd010U_CW_gp,כניסה לשירותים ציבוריים,טבע דומם,כיור וינטג' תלוי על קיר בין שתי דלתות עתיקות,https://drive.google.com/thumbnail?id=1jmBaBvk8rKoV5rvARPayvd010U_CW_gp&sz=w600,https://amitphotos.com,FALSE
1Lin1fkPbPPkPq79TeljA6LDLv_rzG1F9,מכולות משא צבעוניות,טבע דומם,שתי מכולות משא צהובה ואדומה עם נעליים וציוד אחסון,https://drive.google.com/thumbnail?id=1Lin1fkPbPPkPq79TeljA6LDLv_rzG1F9&sz=w600,https://amitphotos.com,FALSE
1_rxjKeg8Fm-Pr37s3uHbT5po91HwCT0f,אוסף בקבוקי יין ירוקים,טבע דומם,שורות של בקבוקי יין ירוקים מסודרים בתא אחסון קר וקוטו,https://drive.google.com/thumbnail?id=1_rxjKeg8Fm-Pr37s3uHbT5po91HwCT0f&sz=w600,https://amitphotos.com,FALSE
1FD7o7nYN8Semdl2W2eaE7_mEHiKpbHCM,חלון לבן על כחול,טבע דומם,חלון תריס לבן עם פריטים על רקע קיר כחול עתיק,https://drive.google.com/thumbnail?id=1FD7o7nYN8Semdl2W2eaE7_mEHiKpbHCM&sz=w600,https://amitphotos.com,FALSE
1urStD-M6I3FRdNOOBg22Kn0N6-csR3L5,חלון כחול עתיק,טבע דומם,חלון כחול בשיטור עץ עם ידיות מתכת על קיר בהיר,https://drive.google.com/thumbnail?id=1urStD-M6I3FRdNOOBg22Kn0N6-csR3L5&sz=w600,https://amitphotos.com,FALSE
1VxjOZ0V3dyUIRAtzHNkSVoWpNykkNw8d,חלון בקיר אדום,טבע דומם,חלון עם משקופים אפורים בקיר מטויח בצבע אדום עוגבי,https://drive.google.com/thumbnail?id=1VxjOZ0V3dyUIRAtzHNkSVoWpNykkNw8d&sz=w600,https://amitphotos.com,FALSE
1rPOKfINEQiiwQSkoflezhxgLH0WI1ygG,טקסטורות וצבעים מופשטים אמנות,טבע דומם,,https://drive.google.com/thumbnail?id=1rPOKfINEQiiwQSkoflezhxgLH0WI1ygG&sz=w600,https://amitphotos.com,FALSE
1PO8ftae1KQLyfWLF58mYeHcBmv4_9fz6,חפצי וינטג' טבע דומם קומפוזיציה,טבע דומם,,https://drive.google.com/thumbnail?id=1PO8ftae1KQLyfWLF58mYeHcBmv4_9fz6&sz=w600,https://amitphotos.com,FALSE
1mkj7yjz3I-Y951ZoHVSH_-6v8FjL66ap,חלון כחול על קיר צהוב,טבע דומם,חלון אליפטי כחול עם מסגרת חומה על רקע קיר צהוב,https://drive.google.com/thumbnail?id=1mkj7yjz3I-Y951ZoHVSH_-6v8FjL66ap&sz=w600,https://amitphotos.com,FALSE
13xVSea2recyRuCOKwzzRZntXwPMJHWoz,גיאומטריה בצבעים,טבע דומם,קומפוזיציה מינימליסטית של צורות גיאומטריות בכחול ואדום,https://drive.google.com/thumbnail?id=13xVSea2recyRuCOKwzzRZntXwPMJHWoz&sz=w600,https://amitphotos.com,FALSE
1MoJcye0TH-X8JnZNFJlk-101A4iuqWS7,גיאומטריה של צבעים,טבע דומם,צורות גיאומטריות צבעוניות עם חלונות עגולים כחולים,https://drive.google.com/thumbnail?id=1MoJcye0TH-X8JnZNFJlk-101A4iuqWS7&sz=w600,https://amitphotos.com,FALSE
11AnFgtB5Ch-asooNb6dVFPdOdvZ6C0y_,אורות ארכיטקטוניים,טבע דומם,תקרה מואורת בתבנית גיאומטרית של קווים כתומים ולבנים,https://drive.google.com/thumbnail?id=11AnFgtB5Ch-asooNb6dVFPdOdvZ6C0y_&sz=w600,https://amitphotos.com,FALSE
1cqtkYy8vr20KSAuajsQ1Ppirv7YBchPv,סוכריות ורודות,טבע דומם,,https://drive.google.com/thumbnail?id=1cqtkYy8vr20KSAuajsQ1Ppirv7YBchPv&sz=w600,https://amitphotos.com,FALSE
1Vp_xpnwXpsi_ocqwMEshnoPIza5FpRZ5,פנינים זהב וכסף,טבע דומם,,https://drive.google.com/thumbnail?id=1Vp_xpnwXpsi_ocqwMEshnoPIza5FpRZ5&sz=w600,https://amitphotos.com,FALSE
1DhDoQ_nfrWXjGVeXaUDQRym9w52kN77w,תולעי סוכר צבעוניות,טבע דומם,,https://drive.google.com/thumbnail?id=1DhDoQ_nfrWXjGVeXaUDQRym9w52kN77w&sz=w600,https://amitphotos.com,FALSE
1oukcNbPlg4Y9dXqgxGkP7zMXE4roZAyj,סחלבים אדומים,טבע דומם,,https://drive.google.com/thumbnail?id=1oukcNbPlg4Y9dXqgxGkP7zMXE4roZAyj&sz=w600,https://amitphotos.com,FALSE
1GOdKAxmW8Xev5kcjZR3pCF4_GW7owLxU,גלגלי צבע,טבע דומם,,https://drive.google.com/thumbnail?id=1GOdKAxmW8Xev5kcjZR3pCF4_GW7owLxU&sz=w600,https://amitphotos.com,FALSE
1EZ-2jnCDVgVLuykryr3OjWlw2aPt4GuG,מטבעות שוקולד,טבע דומם,,https://drive.google.com/thumbnail?id=1EZ-2jnCDVgVLuykryr3OjWlw2aPt4GuG&sz=w600,https://amitphotos.com,FALSE
1DQKZ5yTcOFnXw8nqpPz1RMQ8u0DZ-pG5,קיר האהבה,טבע דומם,,https://drive.google.com/thumbnail?id=1DQKZ5yTcOFnXw8nqpPz1RMQ8u0DZ-pG5&sz=w600,https://amitphotos.com,FALSE
1up7HPt-rgyqJVYem3vPbShJePescnCZc,טextiles צבעוניים תלויים,טבע דומם,אוסף של בדים וטextiles בעיצובים מסורתיים בצבעים חמים,https://drive.google.com/thumbnail?id=1up7HPt-rgyqJVYem3vPbShJePescnCZc&sz=w600,https://amitphotos.com,FALSE
1d8LFk1t2KZRu2o8VmgJxszQCFPbEW-lg,שדה פרחים בשפע,ישראל,שדה רחב מלא פרחים צהובים עם שביל מפתל בין עצים,https://drive.google.com/thumbnail?id=1d8LFk1t2KZRu2o8VmgJxszQCFPbEW-lg&sz=w600,https://amitphotos.com,FALSE
1MYPjGXaSH8bE9-RpJr8X0ZX8gEDKq2K6,טורבינת רוח בנוף ישראלי,ישראל,טורבינת רוח יחידה על רקע נוף ירוק וההרים הרחוקים,https://drive.google.com/thumbnail?id=1MYPjGXaSH8bE9-RpJr8X0ZX8gEDKq2K6&sz=w600,https://amitphotos.com,FALSE
1OZKg38_Q0BLEzqhDGCLVP2r0yHSPXW2P,ירוק,ישראל,,https://drive.google.com/thumbnail?id=1OZKg38_Q0BLEzqhDGCLVP2r0yHSPXW2P&sz=w600,https://amitphotos.com,FALSE
1bjUIgbamO_clsQDgrMHU8QDAfNA1mXuD,אור בוקר,ישראל,,https://drive.google.com/thumbnail?id=1bjUIgbamO_clsQDgrMHU8QDAfNA1mXuD&sz=w600,https://amitphotos.com,FALSE
15DHem8sAK2c9pkuXzPd03rP34-UnHe3M,שקט בשדה לבנדר,ישראל,,https://drive.google.com/thumbnail?id=15DHem8sAK2c9pkuXzPd03rP34-UnHe3M&sz=w600,https://amitphotos.com,FALSE
19T9mcLvqy-4zoP-pdkFFgImvFeJM8co1,רשת של חיבורים,ישראל,דמות אדם תלויה ברשת קוים גיאומטרית על רקע שמיים כחולים,https://drive.google.com/thumbnail?id=19T9mcLvqy-4zoP-pdkFFgImvFeJM8co1&sz=w600,https://amitphotos.com,FALSE
1M0MNq47h_rck94IU0GlqlX9yIA5_6MMe,שדה בזריחה,ישראל,דרך עפר בשדה חקלאי עם שמש זורחת על האופק,https://drive.google.com/thumbnail?id=1M0MNq47h_rck94IU0GlqlX9yIA5_6MMe&sz=w600,https://amitphotos.com,FALSE
1Ky7uRmF5GurOE5OH_vtk-u_0iSWxcfQu,מגדל ארגזים בנגב,ישראל,מבנה אמנותי מארגזים עץ בשדה קרוב בנוף ישראלי,https://drive.google.com/thumbnail?id=1Ky7uRmF5GurOE5OH_vtk-u_0iSWxcfQu&sz=w600,https://amitphotos.com,FALSE
1wE6dcdkaciBGBWTqztbGuQTSdJRr_Mw1,מגדל דוד בלילה,ישראל,מגדל דוד ובחומות ירושלים בתאורת ערב עם עקבות אור של תנועה,https://drive.google.com/thumbnail?id=1wE6dcdkaciBGBWTqztbGuQTSdJRr_Mw1&sz=w600,https://amitphotos.com,FALSE
1CUMXBEV1qLilGxw0eMMi_G5S3XuUrUeB,בית נטוש בשדה,ישראל,,https://drive.google.com/thumbnail?id=1CUMXBEV1qLilGxw0eMMi_G5S3XuUrUeB&sz=w600,https://amitphotos.com,FALSE
1XEuYM78FLDe1J3r8kFbHQbjRB_BssErN,נוף ים המלח מהמצפה,ישראל,נוף פנורמי של ים המלח מנקודת צפייה גבוהה בערפילי חום,https://drive.google.com/thumbnail?id=1XEuYM78FLDe1J3r8kFbHQbjRB_BssErN&sz=w600,https://amitphotos.com,FALSE
1KDUlqmuPI2047DDStVYUdXNvbcbn1lB-,נוף ים המלח מהמצודה,ישראל,מבט על ים המלח והערבה דרך חלון אבן עתיק בצוק הר סדום,https://drive.google.com/thumbnail?id=1KDUlqmuPI2047DDStVYUdXNvbcbn1lB-&sz=w600,https://amitphotos.com,FALSE
1m6IFLTq0pfpdgENTItciXddOOGIOUzt2,שדה חיטה בעמק יזרעאל,ישראל,שדה חיטה זהוב בשעת הקציר עם הרים ברקע בזריחה,https://drive.google.com/thumbnail?id=1m6IFLTq0pfpdgENTItciXddOOGIOUzt2&sz=w600,https://amitphotos.com,FALSE
1RwVJCbbNJAk-JUZI087Gm9kpMBM6fnJr,תחנת אוטובוס בשדה,ישראל,תא המתנה ירוק בודד על רקע שדות צהובים וירוקים רחבים,https://drive.google.com/thumbnail?id=1RwVJCbbNJAk-JUZI087Gm9kpMBM6fnJr&sz=w600,https://amitphotos.com,FALSE
1UEHatC39tA67plADlcepZ4giuxRKRcfk,נוף טבע בישראל מבט פנורמי,ישראל,,https://drive.google.com/thumbnail?id=1UEHatC39tA67plADlcepZ4giuxRKRcfk&sz=w600,https://amitphotos.com,FALSE
1IBAfg_OCYwqil4w957gA-b0ferLS1_5G,שדה תירס בעמק הישראלי,ישראל,שדה תירס שופע בירוקות מול הרים וב עדשת תצפית רחבה,https://drive.google.com/thumbnail?id=1IBAfg_OCYwqil4w957gA-b0ferLS1_5G&sz=w600,https://amitphotos.com,FALSE
1G6p9VgAqYn0G48z3vOQsMl_nPib5HyF8,פרדס בחורף,ישראל,,https://drive.google.com/thumbnail?id=1G6p9VgAqYn0G48z3vOQsMl_nPib5HyF8&sz=w600,https://amitphotos.com,FALSE
1Lt5WDWOxYerwcxNF3ZwLUET-9_tA7Q4b,בריכת הטיט של הים המלח,ישראל,בריכת טיט טבעית על חוף הים המלח בישראל,https://drive.google.com/thumbnail?id=1Lt5WDWOxYerwcxNF3ZwLUET-9_tA7Q4b&sz=w600,https://amitphotos.com,FALSE
1oyNjIb0iUVnfCah6IAjgFnDCZGKtq7gA,שקט של מים,ישראל,נוף מינימליסטי של אגם שקט עם שמיים맑은 כחולים,https://drive.google.com/thumbnail?id=1oyNjIb0iUVnfCah6IAjgFnDCZGKtq7gA&sz=w600,https://amitphotos.com,FALSE
1rroI9xJY7BrYpb0QDM3rf9LmAuMTujlj,חלון לים,ישראל,נוף ים וחוף דרך צינור בטון על החוף,https://drive.google.com/thumbnail?id=1rroI9xJY7BrYpb0QDM3rf9LmAuMTujlj&sz=w600,https://amitphotos.com,FALSE
18l1NkO-12l3fgP6JEMu6p1oL3RSBixX8,הים התיכון הזוהר,ישראל,סלעים עתיקים על החוף עם נוף הרים וסירות דיג רחוק,https://drive.google.com/thumbnail?id=18l1NkO-12l3fgP6JEMu6p1oL3RSBixX8&sz=w600,https://amitphotos.com,FALSE
14vthzIuM_Gi0Bl5IsQbogDajHKad6B1r,שקט על שפת הים,ישראל,שתי כיסאות לבנים על החוף מול נוף הרים עד אופק הים,https://drive.google.com/thumbnail?id=14vthzIuM_Gi0Bl5IsQbogDajHKad6B1r&sz=w600,https://amitphotos.com,FALSE
1n7ml6jRSlfDWtrILiPi8oqevBQtelUoG,שקט של שקיעה בים,ישראל,כיסאות חלומיים על חוף שלו עם הרים מרוחקים בשקיעה סגולה,https://drive.google.com/thumbnail?id=1n7ml6jRSlfDWtrILiPi8oqevBQtelUoG&sz=w600,https://amitphotos.com,FALSE
18yuQlOZTp7sf-JjpfCBVCRItafDJSuG0,שקיעה סגולה על הים,ישראל,חוף שקט עם השתקפות סגולות של שקיעה יפה על מי הים,https://drive.google.com/thumbnail?id=18yuQlOZTp7sf-JjpfCBVCRItafDJSuG0&sz=w600,https://amitphotos.com,FALSE
1nLh9i-XaerEFjja5UUD3KfZgg1jRPv5J,שחפים בערפל,ישראל,,https://drive.google.com/thumbnail?id=1nLh9i-XaerEFjja5UUD3KfZgg1jRPv5J&sz=w600,https://amitphotos.com,FALSE
1bZhip7_LBDGQWL6KwGfzPP9vMMaK_I0_,הנדידה של העגורנים,ישראל,עדר ענק של עגורנים נוחתים בשדה ישראלי בעת הנדידה השנתית,https://drive.google.com/thumbnail?id=1bZhip7_LBDGQWL6KwGfzPP9vMMaK_I0_&sz=w600,https://amitphotos.com,FALSE
1YIY2z5GedI2Av8vuozdyUP38CyedES4B,עגורים בטיסה,ישראל,זוג עגורים עפים בשמיים צלולים מעל הנוף,https://drive.google.com/thumbnail?id=1YIY2z5GedI2Av8vuozdyUP38CyedES4B&sz=w600,https://amitphotos.com,FALSE
1_GPklSlYpaxTmLnu7bArKoDZSUDaNgfR,שקיעה על חופי סלע,ישראל,שקיעה מעוצבת על חוף סלעי עם גלים חלקים וציפורים בשמיים,https://drive.google.com/thumbnail?id=1_GPklSlYpaxTmLnu7bArKoDZSUDaNgfR&sz=w600,https://amitphotos.com,FALSE
16hKNONU3uhqCUBBG2VS0oIK_KqWP3lP6,גלים על הסלע,ישראל,גלי ים מקציפים מתנגשים בסלעי החוף בתנועה מתמשכת,https://drive.google.com/thumbnail?id=16hKNONU3uhqCUBBG2VS0oIK_KqWP3lP6&sz=w600,https://amitphotos.com,FALSE
1M5kXPLpXu6PfoGkfd4JdW6Id1faF0dKA,כנסייה עם כיפה כחולה בסנטוריני,ישראל,,https://drive.google.com/thumbnail?id=1M5kXPLpXu6PfoGkfd4JdW6Id1faF0dKA&sz=w600,https://amitphotos.com,FALSE
1P0_tbOufdRIALyGsCnhBXKN4D_C_m8rh,שקיעה על החופים,ישראל,שקיעה זהובה על חופי סלע עם גלים שוקעים בכחול השקט,https://drive.google.com/thumbnail?id=1P0_tbOufdRIALyGsCnhBXKN4D_C_m8rh&sz=w600,https://amitphotos.com,FALSE
1H1XNPcnpmQmlyM8aaqFG8cK5DFZFNVlt,חלון אל הים,ישראל,נוף ימי דרך חור בסלע עתיק על החוף,https://drive.google.com/thumbnail?id=1H1XNPcnpmQmlyM8aaqFG8cK5DFZFNVlt&sz=w600,https://amitphotos.com,FALSE
1gQiDx1lCA3I00hm980ZTHnAWb3GjnC-d,הר החרמון בשלג,ישראל,"הר החרמון המושלג בעונת החורף, נראה מנוף תחומי בישראל",https://drive.google.com/thumbnail?id=1gQiDx1lCA3I00hm980ZTHnAWb3GjnC-d&sz=w600,https://amitphotos.com,FALSE
1kiRdVJO2wVz5LF1BsCwxg9I23GeQX85E,דיג בשקיעה על הסלע,ישראל,דייגים על סלע בחוף הים בשקיעה זהובה עם אנשים בים,https://drive.google.com/thumbnail?id=1kiRdVJO2wVz5LF1BsCwxg9I23GeQX85E&sz=w600,https://amitphotos.com,FALSE
1Rwx9jKcw9RERPNi2Rf1PdXuRbGrDIHXC,שקיעה על ים סוף,ישראל,כסאות חוף לבנים על חוף ים סוף בזריחה ורודה,https://drive.google.com/thumbnail?id=1Rwx9jKcw9RERPNi2Rf1PdXuRbGrDIHXC&sz=w600,https://amitphotos.com,FALSE
1LLJ3g6rQlEhnQ_nTZhcyWrWifVa3XKgt,שקיעה על הסלעים,ישראל,שקיעה אדומה מעל חוף סלעוני עם הים השקט במרחק,https://drive.google.com/thumbnail?id=1LLJ3g6rQlEhnQ_nTZhcyWrWifVa3XKgt&sz=w600,https://amitphotos.com,FALSE
1STznCFeJOu31QkoqVMHTm7i_cXvevzro,אמנות רחוב עם עין,ישראל,ציור גרافיטי צבעוני של עין גדולה על קיר עם קרחון,https://drive.google.com/thumbnail?id=1STznCFeJOu31QkoqVMHTm7i_cXvevzro&sz=w600,https://amitphotos.com,FALSE
1Yrm9Ix9wGU-h70l7GadHkAFOfHTRM8M2,פרפר שועל על קוץ,מאקרו-צילומי תקריב,,https://drive.google.com/thumbnail?id=1Yrm9Ix9wGU-h70l7GadHkAFOfHTRM8M2&sz=w600,https://amitphotos.com,FALSE
1qAYmV4wg-5I8isvUTrP1kZnT1leAHkvA,ורד ורוד עדין,מאקרו-צילומי תקריב,תצלום מקרוב של ורד ורוד בפריחה מלאה עם עלים משופעים,https://drive.google.com/thumbnail?id=1qAYmV4wg-5I8isvUTrP1kZnT1leAHkvA&sz=w600,https://amitphotos.com,FALSE
1_OgIaYrGEs5a2CWXgIw-1dQSGGoSsgKz,דבורה לעבר פרח אירוס,מאקרו-צילומי תקריב,,https://drive.google.com/thumbnail?id=1_OgIaYrGEs5a2CWXgIw-1dQSGGoSsgKz&sz=w600,https://amitphotos.com,FALSE
1goFHFB1TSGwfiXwOFzG_QKdzboq7wueQ,זוג שפיריות מזדווגות,מאקרו-צילומי תקריב,,https://drive.google.com/thumbnail?id=1goFHFB1TSGwfiXwOFzG_QKdzboq7wueQ&sz=w600,https://amitphotos.com,FALSE
1JEHgCiemUvp3zHUxNiXtxnsA9r6-aV9G,שפיריות בזיווג על ענף,מאקרו-צילומי תקריב,,https://drive.google.com/thumbnail?id=1JEHgCiemUvp3zHUxNiXtxnsA9r6-aV9G&sz=w600,https://amitphotos.com,FALSE
1SNmXBUg7djQB4jgKPDFHu7SXlgjP3krj,שפיריות מזדווגות בנוף,מאקרו-צילומי תקריב,,https://drive.google.com/thumbnail?id=1SNmXBUg7djQB4jgKPDFHu7SXlgjP3krj&sz=w600,https://amitphotos.com,FALSE
1sFRvwHnpOODK4KEkEaJCsHNZGl35oBrA,פרפר ציר מצוי על פרח ורוד,מאקרו-צילומי תקריב,,https://drive.google.com/thumbnail?id=1sFRvwHnpOODK4KEkEaJCsHNZGl35oBrA&sz=w600,https://amitphotos.com,FALSE
1qN86Ph1fZkA4zbFRKqMHzuk_Nkrh3Ovm,פרפר ציר — מבט מהצד,מאקרו-צילומי תקריב,,https://drive.google.com/thumbnail?id=1qN86Ph1fZkA4zbFRKqMHzuk_Nkrh3Ovm&sz=w600,https://amitphotos.com,FALSE
1KfM1ZQss1JmKtQjbk2_-Rfak_FI_g4p5,פרפר ציר על פרח כתום,מאקרו-צילומי תקריב,,https://drive.google.com/thumbnail?id=1KfM1ZQss1JmKtQjbk2_-Rfak_FI_g4p5&sz=w600,https://amitphotos.com,FALSE
1B1OIi_niEjTde-YsqN9yu4hb2Oang76t,פרפר קטן על ציניה ורודה,מאקרו-צילומי תקריב,,https://drive.google.com/thumbnail?id=1B1OIi_niEjTde-YsqN9yu4hb2Oang76t&sz=w600,https://amitphotos.com,FALSE
1jM6WxSM-WFWihhnhgqURVJAyhVsS62rH,פרפר על פרח — רקע כהה,מאקרו-צילומי תקריב,,https://drive.google.com/thumbnail?id=1jM6WxSM-WFWihhnhgqURVJAyhVsS62rH&sz=w600,https://amitphotos.com,FALSE
10rE-_ZJqqxcpfrcIDulapy2WIk_ZbPLQ,שבלול זעיר על קצה עלה,מאקרו-צילומי תקריב,,https://drive.google.com/thumbnail?id=10rE-_ZJqqxcpfrcIDulapy2WIk_ZbPLQ&sz=w600,https://amitphotos.com,FALSE
15Lr-mM2Y0Bkzd7r_YcOXxghEjLOJM3dA,פרת משה רבנו על צמח,מאקרו-צילומי תקריב,,https://drive.google.com/thumbnail?id=15Lr-mM2Y0Bkzd7r_YcOXxghEjLOJM3dA&sz=w600,https://amitphotos.com,FALSE
1GjwX2sGR2KDTdK8nFPRoJnpTlVAH9-JK,עלה בשינוי עונות,מאקרו-צילומי תקריב,תקריב של עלה בתהליך שינוי צבע מירוק ליוקרתי,https://drive.google.com/thumbnail?id=1GjwX2sGR2KDTdK8nFPRoJnpTlVAH9-JK&sz=w600,https://amitphotos.com,FALSE
1EyqJyuAVzyIdqtd3zToyDsPN3pcN9MwA,עלים בשינוי עונתי,מאקרו-צילומי תקריב,תקריב של עלים צהובים וכתומים בתהליך שינוי צבע הסתווי,https://drive.google.com/thumbnail?id=1EyqJyuAVzyIdqtd3zToyDsPN3pcN9MwA&sz=w600,https://amitphotos.com,FALSE
16Scx1OhcvEY-JkM7g4barZWZAf0uugXl,פרפר כחול על פרח צהוב,מאקרו-צילומי תקריב,פרפר כחול עם שוליים לבנים מונח על květר צהוב זעיר,https://drive.google.com/thumbnail?id=16Scx1OhcvEY-JkM7g4barZWZAf0uugXl&sz=w600,https://amitphotos.com,FALSE
1-oLwxYgYjKDWNeIzJPsVbIPjhBOGT70I,שפירית אדומה על מקל,מאקרו-צילומי תקריב,,https://drive.google.com/thumbnail?id=1-oLwxYgYjKDWNeIzJPsVbIPjhBOGT70I&sz=w600,https://amitphotos.com,FALSE
1YNcAYWbn10SGtWab0Ei0lo3jFiFsQ6wZ,חיפושית מתכתית ירוקה על עלה,מאקרו-צילומי תקריב,,https://drive.google.com/thumbnail?id=1YNcAYWbn10SGtWab0Ei0lo3jFiFsQ6wZ&sz=w600,https://amitphotos.com,FALSE
1u99GC6e2o2WTuvvNQEgIEChBKwIeKmlI,זבוב טורף עם טרף,מאקרו-צילומי תקריב,,https://drive.google.com/thumbnail?id=1u99GC6e2o2WTuvvNQEgIEChBKwIeKmlI&sz=w600,https://amitphotos.com,FALSE
1mghtHqO8attO4O_zEveQ7-67qxPc6QyE,bugs on flowers and plants,מאקרו-צילומי תקריב,bugs on flowers and plants,https://drive.google.com/thumbnail?id=1mghtHqO8attO4O_zEveQ7-67qxPc6QyE&sz=w600,https://amitphotos.com,FALSE
1YgAewuWweRkbHoaesOM02fVfHzGaeqWt,bugs on flowers and plants,מאקרו-צילומי תקריב,bugs on flowers and plants,https://drive.google.com/thumbnail?id=1YgAewuWweRkbHoaesOM02fVfHzGaeqWt&sz=w600,https://amitphotos.com,FALSE
1xm2G91H4wwei6drJdQ0CliJzi2oWWnlZ,פשפש אדום-שחור על עלה,מאקרו-צילומי תקריב,,https://drive.google.com/thumbnail?id=1xm2G91H4wwei6drJdQ0CliJzi2oWWnlZ&sz=w600,https://amitphotos.com,FALSE
11cMWzDs5DL_Nwnlw89bJ1sHl1Su78bk9,פרפר לבן על גבעול דשא,מאקרו-צילומי תקריב,,https://drive.google.com/thumbnail?id=11cMWzDs5DL_Nwnlw89bJ1sHl1Su78bk9&sz=w600,https://amitphotos.com,FALSE
10rJ6dY9KkGS9pk1tOjo4U-uLaGyGY4HF,דבורה על חמניה,מאקרו-צילומי תקריב,,https://drive.google.com/thumbnail?id=10rJ6dY9KkGS9pk1tOjo4U-uLaGyGY4HF&sz=w600,https://amitphotos.com,FALSE
1CHad4RIp3K8sApGtZwDEJcM5z1Ay5mEl,פרפר ציר על חמניה,מאקרו-צילומי תקריב,,https://drive.google.com/thumbnail?id=1CHad4RIp3K8sApGtZwDEJcM5z1Ay5mEl&sz=w600,https://amitphotos.com,FALSE
1QQoex9zF408TTs9PG49saKwCXsKIclgA,שבלול על גבעול,מאקרו-צילומי תקריב,,https://drive.google.com/thumbnail?id=1QQoex9zF408TTs9PG49saKwCXsKIclgA&sz=w600,https://amitphotos.com,FALSE
176UGqCG8j3MmdJ2u7Wp05fETAnQruL3Q,שבלול על קצה עלה,מאקרו-צילומי תקריב,,https://drive.google.com/thumbnail?id=176UGqCG8j3MmdJ2u7Wp05fETAnQruL3Q&sz=w600,https://amitphotos.com,FALSE
1R5jm4QZChik_NTc1CoZnfNr56FQmz7qI,עכביש על קורה,מאקרו-צילומי תקריב,,https://drive.google.com/thumbnail?id=1R5jm4QZChik_NTc1CoZnfNr56FQmz7qI&sz=w600,https://amitphotos.com,FALSE
1zGIjUE5iH16qUupQ5xGXZBC0Qn9eYlAq,פרפר לבן על מרגנית,מאקרו-צילומי תקריב,,https://drive.google.com/thumbnail?id=1zGIjUE5iH16qUupQ5xGXZBC0Qn9eYlAq&sz=w600,https://amitphotos.com,FALSE
12j16hqpKwFflypGVYZrvXhFDCH0YgeCT,דבורה מוכסת אבקה על חמניה,מאקרו-צילומי תקריב,,https://drive.google.com/thumbnail?id=12j16hqpKwFflypGVYZrvXhFDCH0YgeCT&sz=w600,https://amitphotos.com,FALSE
1rNOjwjjmhzbQp32q7byiXHj5UJB0tYgd,פרפר כחול על עלה,מאקרו-צילומי תקריב,,https://drive.google.com/thumbnail?id=1rNOjwjjmhzbQp32q7byiXHj5UJB0tYgd&sz=w600,https://amitphotos.com,FALSE
1uzpLjW0eCjvfwVcaaLAUGmShrA0Y0Lo0,פרפר כתום-שחור על עשב,מאקרו-צילומי תקריב,,https://drive.google.com/thumbnail?id=1uzpLjW0eCjvfwVcaaLAUGmShrA0Y0Lo0&sz=w600,https://amitphotos.com,FALSE
1-mXFplfs5E1LS9_Ss3T5SpzfVr1VK0Iv,פרפר כחול על צמח,מאקרו-צילומי תקריב,,https://drive.google.com/thumbnail?id=1-mXFplfs5E1LS9_Ss3T5SpzfVr1VK0Iv&sz=w600,https://amitphotos.com,FALSE
1U1fMS581LcGhLDtWACy8egYhZSDevuzK,עכביש סרטן לבן בתוך פרח,מאקרו-צילומי תקריב,,https://drive.google.com/thumbnail?id=1U1fMS581LcGhLDtWACy8egYhZSDevuzK&sz=w600,https://amitphotos.com,FALSE
1rszBmosFZprvt4HBLPl6rDYYbcvhjTkx,קורת עכביש עם טיפות טל,מאקרו-צילומי תקריב,,https://drive.google.com/thumbnail?id=1rszBmosFZprvt4HBLPl6rDYYbcvhjTkx&sz=w600,https://amitphotos.com,FALSE
1pGM9mPLg74SmiXFaEHkwTR-0VQJQMDte,דבורה מתקרבת לחמניה,מאקרו-צילומי תקריב,,https://drive.google.com/thumbnail?id=1pGM9mPLg74SmiXFaEHkwTR-0VQJQMDte&sz=w600,https://amitphotos.com,FALSE
1kVMLX7V2GeD-pHr08pSJY_3rKUOh-cXy,עין הזיקית בתקריב,מאקרו-צילומי תקריב,צילום מקרוב של עין זיקית עם קשקשי עור בטונים זהובים וכחולים,https://drive.google.com/thumbnail?id=1kVMLX7V2GeD-pHr08pSJY_3rKUOh-cXy&sz=w600,https://amitphotos.com,FALSE
1T_sZuDJIECAtqscPBtZ1qoi7KECxxmLu,פרחים ורודים בתקריב,מאקרו-צילומי תקריב,"זר פרחים צפוף בגוונים של ורוד, שמנת וזהב בתצילום מאקרו עדין",https://drive.google.com/thumbnail?id=1T_sZuDJIECAtqscPBtZ1qoi7KECxxmLu&sz=w600,https://amitphotos.com,FALSE
12RvFwqLBEYL56rREul7msc4RkgSqixCI,פרפר לבן על פרח צהוב,מאקרו-צילומי תקריב,,https://drive.google.com/thumbnail?id=12RvFwqLBEYL56rREul7msc4RkgSqixCI&sz=w600,https://amitphotos.com,FALSE
17mo_iKP7eCZ2FnBRuTt_nryuR9PE6ix2,פשפש מפוספס על פרח צהוב,מאקרו-צילומי תקריב,,https://drive.google.com/thumbnail?id=17mo_iKP7eCZ2FnBRuTt_nryuR9PE6ix2&sz=w600,https://amitphotos.com,FALSE
11yoUDllDSHs-Xd2pM0j2XstXAWWNfma1,פשפש מפוספס — מבט קדמי,מאקרו-צילומי תקריב,,https://drive.google.com/thumbnail?id=11yoUDllDSHs-Xd2pM0j2XstXAWWNfma1&sz=w600,https://amitphotos.com,FALSE
1zl8_GL199PPhkc-XWHWZg_8xopZLWlDY,שתי דבורים על שן הארי,מאקרו-צילומי תקריב,,https://drive.google.com/thumbnail?id=1zl8_GL199PPhkc-XWHWZg_8xopZLWlDY&sz=w600,https://amitphotos.com,FALSE
1rmw76dUcvnJ2_LyPpLrfyRzf6XcUzQcN,פרת משה רבנו על ענף פורח,מאקרו-צילומי תקריב,,https://drive.google.com/thumbnail?id=1rmw76dUcvnJ2_LyPpLrfyRzf6XcUzQcN&sz=w600,https://amitphotos.com,FALSE
18uLTZQeZAKyncopUkptt-srqQhEr7C8F,דבורה אוספת צוף מפרח לבן,מאקרו-צילומי תקריב,,https://drive.google.com/thumbnail?id=18uLTZQeZAKyncopUkptt-srqQhEr7C8F&sz=w600,https://amitphotos.com,FALSE
1RcH4xVxzRxpOexVhzDgdumhhif5cTjm5,פרפר על ציניה ורודה צילום מאקרו,מאקרו-צילומי תקריב,,https://drive.google.com/thumbnail?id=1RcH4xVxzRxpOexVhzDgdumhhif5cTjm5&sz=w600,https://amitphotos.com,FALSE
1epbtb8U6y-k_8I04hWejfgbET_mEcNF0,עכביש סרטן לבן מתחת לעלה,מאקרו-צילומי תקריב,,https://drive.google.com/thumbnail?id=1epbtb8U6y-k_8I04hWejfgbET_mEcNF0&sz=w600,https://amitphotos.com,FALSE
1caAXpctdX8dqyi66FyKXU9V3ogXZ9Lq3,פרטי אדריכלות במסגד השייח' זאיד אבו דאבי,אבו דאבי,,https://drive.google.com/thumbnail?id=1caAXpctdX8dqyi66FyKXU9V3ogXZ9Lq3&sz=w600,https://amitphotos.com,FALSE
1GNE_KfvZrhA7Xx8VxyzL1iB2Q-zolMhD,דפוסי קרח בים,אבו דאבי,קרחון צף עם דפוסים גיאומטריים בתווך מימי כחול,https://drive.google.com/thumbnail?id=1GNE_KfvZrhA7Xx8VxyzL1iB2Q-zolMhD&sz=w600,https://amitphotos.com,FALSE
1elM6XHeRrV9uMv_5xDr7NC1KqVpMRnUH,תבנית גיאומטרית מודרנית,אבו דאבי,תקרה לבנה בעיצוב גיאומטרי עם דפוס חוזר של צורות משושים,https://drive.google.com/thumbnail?id=1elM6XHeRrV9uMv_5xDr7NC1KqVpMRnUH&sz=w600,https://amitphotos.com,FALSE
1z65uWUxPZhNE29Zr2x3nKZT6wtlg5adj,מסגד השיח זايد בלילה,אבו דאבי,המסגד הגדול של אבו דאבי מואר בכחול עם השתקפויות בבריכה,https://drive.google.com/thumbnail?id=1z65uWUxPZhNE29Zr2x3nKZT6wtlg5adj&sz=w600,https://amitphotos.com,FALSE
1v55SlYVU99eLo8-vd_L82rg3nR1nzAx4,שערים מוארים באבו דאבי,אבו דאבי,שערים אסלמיים מעוטרים מוארים בלילה עם השתקפויות בנוזל,https://drive.google.com/thumbnail?id=1v55SlYVU99eLo8-vd_L82rg3nR1nzAx4&sz=w600,https://amitphotos.com,FALSE
1zb3ko2DjGynX-08EUC2f0otErldWwmI0,עיטורי זהב באבו דאבי,אבו דאבי,עיטור אדריכלי זהוב בעיצוב עלים דקורטיבי מפואר,https://drive.google.com/thumbnail?id=1zb3ko2DjGynX-08EUC2f0otErldWwmI0&sz=w600,https://amitphotos.com,FALSE
1MV_NtWD-Xf8QOS3vYgtqzm_OKSUVDykh,קשתות לבנות בשיק,אבו דאבי,מסדרון מעוקל עם קשתות אדריכליות וניתוקים זהב בסגנון מודרני,https://drive.google.com/thumbnail?id=1MV_NtWD-Xf8QOS3vYgtqzm_OKSUVDykh&sz=w600,https://amitphotos.com,FALSE
1Z1U6pMT9PBNuVYHwg8PIh8B4uTFqm9bJ,תקרה מעוטרת באבו דאבי,אבו דאבי,תקרה עגולה מעוטרת בדוגמה ספירלית זהב על רקע פרחוני,https://drive.google.com/thumbnail?id=1Z1U6pMT9PBNuVYHwg8PIh8B4uTFqm9bJ&sz=w600,https://amitphotos.com,FALSE
1SpNHplCgfyVPnaCmLM2-Qev61Kg1Xv1i,דלתות הנצנצות של אבו דאבי,אבו דאבי,דלתות מעוטרות עם דוגמניות גיאומטריות וחרוזים כחולים במסגד מפואר,https://drive.google.com/thumbnail?id=1SpNHplCgfyVPnaCmLM2-Qev61Kg1Xv1i&sz=w600,https://amitphotos.com,FALSE
1FKUiZlTrxzGJBzokEqVR1W1_pSoUT4ip,מסגד השיח זايد הלבן,אבו דאבי,אולם תפילה מפואר עם עיטורים פלוראליים בזהב ושחור,https://drive.google.com/thumbnail?id=1FKUiZlTrxzGJBzokEqVR1W1_pSoUT4ip&sz=w600,https://amitphotos.com,FALSE
1-XeHZVRXouPbQVrsbIMbhWy18f33V6BK,משכן הלבן באבו דאבי,אבו דאבי,אולם מפואר בעמודים שחורים עם תליונים זהובים ומים משתקפים,https://drive.google.com/thumbnail?id=1-XeHZVRXouPbQVrsbIMbhWy18f33V6BK&sz=w600,https://amitphotos.com,FALSE
1FcgYpVjgppXtq1eVZUfRSNFMMR-fmlIB,הנצנצים הלבנים של שייח זאיד,אבו דאבי,"הקשתות המעוקלות של המסגד בלילה, מוארות בצבע כחול וזהב",https://drive.google.com/thumbnail?id=1FcgYpVjgppXtq1eVZUfRSNFMMR-fmlIB&sz=w600,https://amitphotos.com,FALSE
1VCl8Dl8bupSfuDmmc5hVCadHsPoGNpWI,פנים המסגד הגדול אבו דאבי,אבו דאבי,,https://drive.google.com/thumbnail?id=1VCl8Dl8bupSfuDmmc5hVCadHsPoGNpWI&sz=w600,https://amitphotos.com,FALSE
1aiFLu6Xd2oiSs9NiOz_GCsBOYACRv5UW,פנס רחוב בדובאי,אבו דאבי,פנס תאורה עירוני מודרני בעיצוב מינימליסטי על רקע שמיים מעוננים,https://drive.google.com/thumbnail?id=1aiFLu6Xd2oiSs9NiOz_GCsBOYACRv5UW&sz=w600,https://amitphotos.com,FALSE
1tAWNSWmCXNdcTQGU-TT20ySVbeVFe_C2,עץ בנוף הטidal,אבו דאבי,"עץ בודד בוצי בטidal של אבו דאבי, מוקף בשרשי מנגרוב",https://drive.google.com/thumbnail?id=1tAWNSWmCXNdcTQGU-TT20ySVbeVFe_C2&sz=w600,https://amitphotos.com,FALSE
1ymzu2KYiBGiI4BxvNcPK7KXph_zKzo4s,דפוס גיאומטרי מודרני,אבו דאבי,קשת מעוקלת עם דפוס תחרה גיאומטרי בנויה בעיצוב עכשווי,https://drive.google.com/thumbnail?id=1ymzu2KYiBGiI4BxvNcPK7KXph_zKzo4s&sz=w600,https://amitphotos.com,FALSE
1xuz8fZwN1ajgGNjhviVUmYzYULbKTgiM,פסיפס עתיק בעיר הופעות,אבו דאבי,פסיפס רומי עתיק עם דמויות חיות וקישוט גיאומטרי עדין,https://drive.google.com/thumbnail?id=1xuz8fZwN1ajgGNjhviVUmYzYULbKTgiM&sz=w600,https://amitphotos.com,FALSE
1SfNXSzwHzS0VdC_XxSM5BjEJ5VU8b8kX,פסל טווס בין פרחים,אבו דאבי,פסל טווס אפור מוקף בפרחים סגולים ורודים זוהרים,https://drive.google.com/thumbnail?id=1SfNXSzwHzS0VdC_XxSM5BjEJ5VU8b8kX&sz=w600,https://amitphotos.com,FALSE
1IoZa57mDdGzA9b9BYPb227VyBey5-uqt,פרחי שמש בפריחה,אבו דאבי,זר פרחי שמש צהובים פורחים בגן עם רקע מטושטש בוורוד וכחול,https://drive.google.com/thumbnail?id=1IoZa57mDdGzA9b9BYPb227VyBey5-uqt&sz=w600,https://amitphotos.com,FALSE
1ngd6Y2Y10r2Q5q-QfEAVsCsLf_4PxTLX,תבניות בחול דיונות המדבר איחוד האמירויות,אבו דאבי,,https://drive.google.com/thumbnail?id=1ngd6Y2Y10r2Q5q-QfEAVsCsLf_4PxTLX&sz=w600,https://amitphotos.com,FALSE
1buUeH8gXugxMmlUoLc-PIt-0TNno29Pk,שכונת המגדלים באבו דאבי,אבו דאבי,נוף מרהיב של מגדלי דירות בעיר אבו דאבי תחת שמיים כחולים,https://drive.google.com/thumbnail?id=1buUeH8gXugxMmlUoLc-PIt-0TNno29Pk&sz=w600,https://amitphotos.com,FALSE
1_IvlJLJrkF89OLeJAMVt6a7nih0K97vb,שחף לבן באבו דאבי,אבו דאבי,שחף לבן עומד בתנוחת צפייה על רקע טבעי מטושטש,https://drive.google.com/thumbnail?id=1_IvlJLJrkF89OLeJAMVt6a7nih0K97vb&sz=w600,https://amitphotos.com,FALSE
1WDLpmzbGdaOzlEgi892ya1JTR-ClsUGo,כרישים מעל דובאי,אבו דאבי,פסל כרישים ברונזי על רקע בניינים גבוהים בדובאי,https://drive.google.com/thumbnail?id=1WDLpmzbGdaOzlEgi892ya1JTR-ClsUGo&sz=w600,https://amitphotos.com,FALSE
1gbXCTI9IS7-ZaR4nN9_2ncKgZ9fy_YDT,מגדלי אבו דאבי,אבו דאבי,נוף אורבני של מגדלים גבוהים בשמיים כחולים וצלל דרמטי,https://drive.google.com/thumbnail?id=1gbXCTI9IS7-ZaR4nN9_2ncKgZ9fy_YDT&sz=w600,https://amitphotos.com,FALSE
1VtjWqoHmdb9GNoa-fFzsaAx5yh4nOIV8,דוגמה עיגולים צהובים,אבו דאבי,תבנית גיאומטרית של עיגולים צהובים על רקע חום עמוק,https://drive.google.com/thumbnail?id=1VtjWqoHmdb9GNoa-fFzsaAx5yh4nOIV8&sz=w600,https://amitphotos.com,FALSE
1zio7LG17bD8Mw3LZ2MNK2U9cBFSutZg3,דלעת צהובה בדוט אומנות,אבו דאבי,דלעת דקורטיבית עם נקודות צהובות על רקע עיצוב גיאומטרי,https://drive.google.com/thumbnail?id=1zio7LG17bD8Mw3LZ2MNK2U9cBFSutZg3&sz=w600,https://amitphotos.com,FALSE
1Yq5GKzGTtvi1QNr9CE9IKNjN5zMzrIsS,מבנה זכוכית ומגדל,אבו דאבי,נוף אורבני של מגדל גבוה המשתקף דרך חזית זכוכית מודרנית,https://drive.google.com/thumbnail?id=1Yq5GKzGTtvi1QNr9CE9IKNjN5zMzrIsS&sz=w600,https://amitphotos.com,FALSE
18cRXTPt645lzlxtSNGM3RwYcsTcRS-ZY,אדריכלות מודרנית באבו דאבי קו רקיע,אבו דאבי,,https://drive.google.com/thumbnail?id=18cRXTPt645lzlxtSNGM3RwYcsTcRS-ZY&sz=w600,https://amitphotos.com,FALSE
1YfaXr8zQe5xf8pe8UDB3u9M9vfwTwqi5,נוף מן המרכז,אבו דאבי,"מבט מן הגג אל הרחוב המרכזי בעיר, בין בנייני גבוהים",https://drive.google.com/thumbnail?id=1YfaXr8zQe5xf8pe8UDB3u9M9vfwTwqi5&sz=w600,https://amitphotos.com,FALSE
18nRQRH0sIVe-Qpkv-Kq47M_cHdE34CCp,ספירלה אדריכלית בגומחה,אבו דאבי,תקרה עגולה עם טבעות תאורה קונצנטריות בעיצוב מודרני,https://drive.google.com/thumbnail?id=18nRQRH0sIVe-Qpkv-Kq47M_cHdE34CCp&sz=w600,https://amitphotos.com,FALSE
1Dkd-op4PAj-PmOfonjBuOK6iNRNDv_fc,מוזיאון שיח האמارات,אבו דאבי,בניין אייקוני עם כיתוב ערבי בעיצוב מודרני בשקיעה,https://drive.google.com/thumbnail?id=1Dkd-op4PAj-PmOfonjBuOK6iNRNDv_fc&sz=w600,https://amitphotos.com,FALSE
1a1VOdUcAqr7cjBkcz0vlYXrB2B_1iIgj,מטרו אבו דאבי,אבו דאבי,נוף פנימי של תחנת מטרו עם עיצוב ארכיטקטוני מודרני,https://drive.google.com/thumbnail?id=1a1VOdUcAqr7cjBkcz0vlYXrB2B_1iIgj&sz=w600,https://amitphotos.com,FALSE
1lcsyJwCpdLQQLyuJP0JRBmU9uMZeAjOs,אמנות אור ועיצוב,אבו דאבי,התקנת אמנות אור מודרנית עם דוגמנים גיאומטריים בעיצוב עכשווי,https://drive.google.com/thumbnail?id=1lcsyJwCpdLQQLyuJP0JRBmU9uMZeAjOs&sz=w600,https://amitphotos.com,FALSE
1bEJ1UIcdfRcMcnpxQqMryijXs_Ry_4i6,ספירלה של אור וצבע,אבו דאבי,מבנה ספירלי מודרני עם תאורת LED וכדור זוהר במרכזו,https://drive.google.com/thumbnail?id=1bEJ1UIcdfRcMcnpxQqMryijXs_Ry_4i6&sz=w600,https://amitphotos.com,FALSE
1yBGbXhMfV2LZLGnnQzeCYMQ6wuL9Y3Lb,אדריכלות מודרנית באבו דאבי,אבו דאבי,מבנה גיאומטרי עם עקומות לבנות וחלונות מעוצבים בעיצוב מודרני,https://drive.google.com/thumbnail?id=1yBGbXhMfV2LZLGnnQzeCYMQ6wuL9Y3Lb&sz=w600,https://amitphotos.com,FALSE
1nB904YN725_dwEKjL8ymddeV2IhU53A6,תצוגת אור דיגיטלית בתוך מים,אבו דאבי,אלפי טלפונים מוארים בכחול וסגול משתקפים על בריכה מימית,https://drive.google.com/thumbnail?id=1nB904YN725_dwEKjL8ymddeV2IhU53A6&sz=w600,https://amitphotos.com,FALSE
1bbJ5yT-g_ZWwddX1OFJTWYgWIqNNhp1k,מוזיאון אור בדובאי,אבו דאבי,מתקן אומנות דיגיטלי עם אלף אורות צבעוניים משקפלים בתוך מים,https://drive.google.com/thumbnail?id=1bbJ5yT-g_ZWwddX1OFJTWYgWIqNNhp1k&sz=w600,https://amitphotos.com,FALSE
1aw7oPUP-MtB5eoC4a0xup8hITN-OHBAk,פנס אבו דאבי בלילה,אבו דאבי,עיר אורות צבעונית בחושך עם פנסים מוארים בצבעים עוצמתיים,https://drive.google.com/thumbnail?id=1aw7oPUP-MtB5eoC4a0xup8hITN-OHBAk&sz=w600,https://amitphotos.com,FALSE
1Mpe0rBFj0tmdpFcM6hkESNVWETHNTPcA,עין אדריכלית בלילה,אבו דאבי,בניין מודרני בעיצוב גיאומטרי עם השתקפות במים בחושך,https://drive.google.com/thumbnail?id=1Mpe0rBFj0tmdpFcM6hkESNVWETHNTPcA&sz=w600,https://amitphotos.com,FALSE
1D-HIuhwyagpmg_FPY9p5InN0PNwqEuds,אדריכלות מודרנית באבו דאבי,אבו דאבי,בנייה עתידנית עם חלונות מוארים וקווים גיאומטריים בעיצוב מינימליסטי,https://drive.google.com/thumbnail?id=1D-HIuhwyagpmg_FPY9p5InN0PNwqEuds&sz=w600,https://amitphotos.com,FALSE
1Vkby6HIwK2ZVcCFeHCKvYhaWByC8p-2j,מוזיאון שייח זיד בלילה,אבו דאבי,בניין עגול מעוצב בעיצוב מודרני בעלון תאורה ליליית בחזית גדול.,https://drive.google.com/thumbnail?id=1Vkby6HIwK2ZVcCFeHCKvYhaWByC8p-2j&sz=w600,https://amitphotos.com,FALSE
1SjSzrMp_yDPlg5zQB6T2v2qucq30xC6s,פנים פסנתר מוזיקלי,אבו דאבי,מפרטי פנימיים של פסנתר עם מיתרים וחלקים מכניים,https://drive.google.com/thumbnail?id=1SjSzrMp_yDPlg5zQB6T2v2qucq30xC6s&sz=w600,https://amitphotos.com,FALSE
1DtOuAfxbJEn5jeUqxk1i-iQKzEBfZhZI,אור וגיאומטריה,אבו דאבי,תקרה עם עיגולים מאירים וחרוזים זוהרים בעיצוב גיאומטרי,https://drive.google.com/thumbnail?id=1DtOuAfxbJEn5jeUqxk1i-iQKzEBfZhZI&sz=w600,https://amitphotos.com,FALSE
1VnaK8BHWzDJqSaHRcfe6H3XLM_g-qQjK,קרניים של אור,אבו דאבי,פרטים אדריכליים מזהבים בעיצוב רדיאלי מסוגנן של מסגד,https://drive.google.com/thumbnail?id=1VnaK8BHWzDJqSaHRcfe6H3XLM_g-qQjK&sz=w600,https://amitphotos.com,FALSE
1hVX9LJjscf8nCipAMq7D070FW_Pq1VYN,穹顶הדום של השיख זאיד,אבו דאבי,תקרה מעוטרת בדוגמנות גיאומטרית וזהב בעמק דאבי,https://drive.google.com/thumbnail?id=1hVX9LJjscf8nCipAMq7D070FW_Pq1VYN&sz=w600,https://amitphotos.com,FALSE
1sLnUk4IAP5DuPc70zGunF1IB0wdGGUbF,תקרה זהובה במסגד,אבו דאבי,תקרה מעוטרת בזהב וקרמיקה בעיצוב איסלמי מסורתי,https://drive.google.com/thumbnail?id=1sLnUk4IAP5DuPc70zGunF1IB0wdGGUbF&sz=w600,https://amitphotos.com,FALSE
14nbsn6h2adsT88U5rticB3zxI52UsRDp,דוגמנית גיאומטרית איסלאמית,אבו דאבי,עיטור תקרה מסורתי עם כוכבים וקרניים בתכנית סימטרית,https://drive.google.com/thumbnail?id=14nbsn6h2adsT88U5rticB3zxI52UsRDp&sz=w600,https://amitphotos.com,FALSE
1R7MRKRy895wj2ZYEJ83zvwQ2VVBtgGdR,תקרה מעוטרת באבו דאבי,אבו דאבי,תקרה עגולה מעוטרת בעיטורים גיאומטריים וסימטריים בזהב,https://drive.google.com/thumbnail?id=1R7MRKRy895wj2ZYEJ83zvwQ2VVBtgGdR&sz=w600,https://amitphotos.com,FALSE
1K1nbSXkM9cX0YtgahVUi7lnoP5ka6DyR,שקיעה במסגד שייח זאיד,אבו דאבי,שקיעה זהובה מעל מסגד הSheikh Zayed במרכז אבו דאבי,https://drive.google.com/thumbnail?id=1K1nbSXkM9cX0YtgahVUi7lnoP5ka6DyR&sz=w600,https://amitphotos.com,FALSE
1SIxnuMcpiqxFq_zlU4ri07OZIA8x0aQW,שקיעה בשער המסגד,אבו דאבי,שקיעה זהובה דרך קשתות אבו דאבי עם השתקפות מוזהבות,https://drive.google.com/thumbnail?id=1SIxnuMcpiqxFq_zlU4ri07OZIA8x0aQW&sz=w600,https://amitphotos.com,FALSE
145bRagq1kywQjjPwkKWOy-TUl-JJT3AR,כיפת מוזיאון הלובר אבו דאבי,אבו דאבי,,https://drive.google.com/thumbnail?id=145bRagq1kywQjjPwkKWOy-TUl-JJT3AR&sz=w600,https://amitphotos.com,FALSE
1yZWuy3xO7QXTbRq5R7Wb_wK8xPTqIYPD,מסגד השייח זايد הגדול,אבו דאבי,החזית המרשימה של המסגד בתאורת ערב עם בריכת המים המשקפת,https://drive.google.com/thumbnail?id=1yZWuy3xO7QXTbRq5R7Wb_wK8xPTqIYPD&sz=w600,https://amitphotos.com,FALSE
1PqxX8FurNmCAzIVnbp14zpxYggasNcEc,אדריכלות צבעונית בואבו דאבי,אבו דאבי,מדרגות מתכת מול קירות גיאומטריים בצבעים תוססים וחיים,https://drive.google.com/thumbnail?id=1PqxX8FurNmCAzIVnbp14zpxYggasNcEc&sz=w600,https://amitphotos.com,FALSE
1gQIo-qNqKmRbMsEX--MLBpBgT7zXobVE,קיר כבוד בליברפול,אנגליה,ציור קיר של שחקן כדורגל אגדי עם סטטיסטיקות קריירה.,https://drive.google.com/thumbnail?id=1gQIo-qNqKmRbMsEX--MLBpBgT7zXobVE&sz=w600,https://amitphotos.com,FALSE
1SjO7yA1pjZHCa4L8RGgg-_l2YP2ScRqo,חנות אנטיקות בלונדון,אנגליה,חזית חנות וינטג' קלאסית המוכרת ספרים וקולקציות ישנות בבריטניה,https://drive.google.com/thumbnail?id=1SjO7yA1pjZHCa4L8RGgg-_l2YP2ScRqo&sz=w600,https://amitphotos.com,FALSE
14OQokD36-Gk58vl2QtBndXxbcJcUIn5_,רחוב בכפר אנגלי בתי אבן,אנגליה,,https://drive.google.com/thumbnail?id=14OQokD36-Gk58vl2QtBndXxbcJcUIn5_&sz=w600,https://amitphotos.com,FALSE
1w1p6SNGzdI68LLsc9pIWQ7XL0vJvNsPL,אמנות רחוב עם דבורים,אנגליה,ציור קיר צבעוני בעיצוב מודרני עם דבורים על יד כחולה,https://drive.google.com/thumbnail?id=1w1p6SNGzdI68LLsc9pIWQ7XL0vJvNsPL&sz=w600,https://amitphotos.com,FALSE
1E811mT_4RpRmw_gr474v8zhto1UeQLdS,פרחי טוליפ ורודים,אנגליה,טוליפים ורודים פורחים בגן אנגלי עם עלים ירוקים,https://drive.google.com/thumbnail?id=1E811mT_4RpRmw_gr474v8zhto1UeQLdS&sz=w600,https://amitphotos.com,FALSE
1Pv0soGD_IhNDAAErMDAQVKa5EXfPHwkJ,דייזיז בגן אנגלי,אנגליה,פרחי דייזי לבנים פורחים בדשא ירוק טרי באנגליה,https://drive.google.com/thumbnail?id=1Pv0soGD_IhNDAAErMDAQVKa5EXfPHwkJ&sz=w600,https://amitphotos.com,FALSE
1uGgnITeoQdRlUd4QXM1Qrzlc_CyQdb4j,שלט רחוב בלונדון,אנגליה,"שלט כתובת של רחוב בייסווטר בלונדון, מוקף בעלווה ירוקה",https://drive.google.com/thumbnail?id=1uGgnITeoQdRlUd4QXM1Qrzlc_CyQdb4j&sz=w600,https://amitphotos.com,FALSE
10bfzIIsdJFAC65ZBhZV604-GFz9OFSup,השתקפויות בנהר אנגלי,אנגליה,עמודי עץ משתקפים בשקט מימי הנהר היורקשיר,https://drive.google.com/thumbnail?id=10bfzIIsdJFAC65ZBhZV604-GFz9OFSup&sz=w600,https://amitphotos.com,FALSE
1TgpPqZBR95o0_u3TJ3R-B-lB-u-jjogp,אמנות רחוב צבעונית באנגליה,אנגליה,ציור קיר תוססני בדמויות דינמיות וחלונות אמיתיים,https://drive.google.com/thumbnail?id=1TgpPqZBR95o0_u3TJ3R-B-lB-u-jjogp&sz=w600,https://amitphotos.com,FALSE
1fVitqkVFG0gD9TAynlTD8lh6vRyXxo7M,חלונות אדומים באנגליה,אנגליה,חזית בנייה עתיקה עם חלונות אדומים בעיצוב מסורתי אנגלי,https://drive.google.com/thumbnail?id=1fVitqkVFG0gD9TAynlTD8lh6vRyXxo7M&sz=w600,https://amitphotos.com,FALSE
1b5XrI_E8G7ho1SHA_7LhWUxhvF4ercL4,אמנות קיר צבעונית באנגליה,אנגליה,ציור קיר בוהמי עם דמויות צבעוניות וחלונות לבנים,https://drive.google.com/thumbnail?id=1b5XrI_E8G7ho1SHA_7LhWUxhvF4ercL4&sz=w600,https://amitphotos.com,FALSE
18Y1gl9j0RVk5Wuo4G7qI-Fx6sVaQsqSe,פיל צבעוני בלונדון,אנגליה,פסל פיל מעוטר בצבעים תוססים ברחוב בלונדון,https://drive.google.com/thumbnail?id=18Y1gl9j0RVk5Wuo4G7qI-Fx6sVaQsqSe&sz=w600,https://amitphotos.com,FALSE
1NNsNM4NjlUyFuuxyJxtdp0L-_qOwatsp,זכרונות מלונדון,אנגליה,אוסף של מזכרות וסוביניר בריטיים אדומים עם סמלי לונדון.,https://drive.google.com/thumbnail?id=1NNsNM4NjlUyFuuxyJxtdp0L-_qOwatsp&sz=w600,https://amitphotos.com,FALSE
1OsHP7dGm0yYcyIUhVC_QbSWt3wZ0hEEc,רחוב עמוס בלונדון,אנגליה,תמונה מטושטשת של רחוב עירוני בעלוול גבוה עם הולכי רגל,https://drive.google.com/thumbnail?id=1OsHP7dGm0yYcyIUhVC_QbSWt3wZ0hEEc&sz=w600,https://amitphotos.com,FALSE
1YysIZRwu1sxnIddmfBQR4F_gyodlxsdO,אדריכלות מנזר באת' אנגליה,אנגליה,,https://drive.google.com/thumbnail?id=1YysIZRwu1sxnIddmfBQR4F_gyodlxsdO&sz=w600,https://amitphotos.com,FALSE
1pCcQm4UOVgTSJ4mlbTYEomdEo6yCdQGU,D'Arblay Street בלונדון,אנגליה,שלט רחוב קלאסי של וסטמינסטר על קיר לבנים כחול,https://drive.google.com/thumbnail?id=1pCcQm4UOVgTSJ4mlbTYEomdEo6yCdQGU&sz=w600,https://amitphotos.com,FALSE
16rSgsmOqjZgQkLjk4ws0I2ZNtfZT6CUo,דגלי בריטניה בלונדון,אנגליה,דגלי האיחוד הבריטי תלויים על חזית בנייני היסטוריים בלונדון,https://drive.google.com/thumbnail?id=16rSgsmOqjZgQkLjk4ws0I2ZNtfZT6CUo&sz=w600,https://amitphotos.com,FALSE
1DyvFemrLJmJ9_DcczDzKq8RteE7cgevG,מבנה היסטורי באוניברסיטת אוקספורד אנגליה,אנגליה,,https://drive.google.com/thumbnail?id=1DyvFemrLJmJ9_DcczDzKq8RteE7cgevG&sz=w600,https://amitphotos.com,FALSE
10U8_BHPncFPy-y2vqmPjuMAJaOV6aSpd,עבודה בגובה בלונדון,אנגליה,עובדים בעלית חיתוך מכונית ליד קיר כתום בעיר,https://drive.google.com/thumbnail?id=10U8_BHPncFPy-y2vqmPjuMAJaOV6aSpd&sz=w600,https://amitphotos.com,FALSE
1jzfuF0ygh7Q9541-mQud1vk7NcqlI6C9,אמנות רחוב בלונדון,אנגליה,ציור קיר סוריאליסטי עם דמות אישה וגדולי עיניים ביטוי אמנותי,https://drive.google.com/thumbnail?id=1jzfuF0ygh7Q9541-mQud1vk7NcqlI6C9&sz=w600,https://amitphotos.com,FALSE
1TfNPONwVKSmCtxq5no6qcFnZbtd3Bx5R,אמנות קיר בלונדון,אנגליה,ציור קיר מונוכרום מעוצב של דמות אנושית על בריק בעיר,https://drive.google.com/thumbnail?id=1TfNPONwVKSmCtxq5no6qcFnZbtd3Bx5R&sz=w600,https://amitphotos.com,FALSE
1Os6cdaNLFE7nE0XTm3fd9zJqVDsU2HPW,אמנות קיר בלונדון,אנגליה,ציור קיר מופשט בצבעים עשירים המתאר דמות עם פרחים לבנים,https://drive.google.com/thumbnail?id=1Os6cdaNLFE7nE0XTm3fd9zJqVDsU2HPW&sz=w600,https://amitphotos.com,FALSE
1VXT35ZonkAjh09hMKdHY9Sk-EtWGX5_c,חצר קולג' באוקספורד אדריכלות,אנגליה,,https://drive.google.com/thumbnail?id=1VXT35ZonkAjh09hMKdHY9Sk-EtWGX5_c&sz=w600,https://amitphotos.com,FALSE
1mRpdsYRmUdaacH1FTUpcTAA8h7BOgkXv,גשר אבן בקוטסוולדס אנגליה,אנגליה,,https://drive.google.com/thumbnail?id=1mRpdsYRmUdaacH1FTUpcTAA8h7BOgkXv&sz=w600,https://amitphotos.com,FALSE
1Gtg0jN4Ji3bBl-VHQRju9M4WhhCEmGoQ,אומנות רחוב רובוטית,אנגליה,ציור קיר יצירתי של רובוט בלום כחול וכתום על שחור,https://drive.google.com/thumbnail?id=1Gtg0jN4Ji3bBl-VHQRju9M4WhhCEmGoQ&sz=w600,https://amitphotos.com,FALSE
13nIqNH9-ga_b7fToQsoMw1lWU9hFP5h0,אמנות קיר באנגליה,אנגליה,ציור קיר קלאסי של אישה עם פרחים צבעוניים בסביבה,https://drive.google.com/thumbnail?id=13nIqNH9-ga_b7fToQsoMw1lWU9hFP5h0&sz=w600,https://amitphotos.com,FALSE
1XdvVh5rW_HQpqx61OVV3oO3Ew9anSwvK,אזהרה לרוכבי אופניים,אנגליה,שלט תנועה אנגלי המזהיר מנוכחות רוכבי אופניים בכביש,https://drive.google.com/thumbnail?id=1XdvVh5rW_HQpqx61OVV3oO3Ew9anSwvK&sz=w600,https://amitphotos.com,FALSE
1fg6k8AhN8yHprSRmXx7UQFnYi0g_Hab6,אמנות רחוב פוליטית בלונדון,אנגליה,מוזאיקה של פוסטרים פוליטיים בסגנון פופ ארט על קיר בעיר,https://drive.google.com/thumbnail?id=1fg6k8AhN8yHprSRmXx7UQFnYi0g_Hab6&sz=w600,https://amitphotos.com,FALSE
11lRfo9G3v18yxhYPMGO-FFew_KrFMFkv,הצוקים הלבנים של דובר אנגליה,אנגליה,,https://drive.google.com/thumbnail?id=11lRfo9G3v18yxhYPMGO-FFew_KrFMFkv&sz=w600,https://amitphotos.com,FALSE
1sXcBYBmB6LKEN28bOXSlEq6q94Oy7XAo,אמנות רחוב בלונדון,אנגליה,פורטרט של אישה בסגנון פופ ארט על קיר בעיר,https://drive.google.com/thumbnail?id=1sXcBYBmB6LKEN28bOXSlEq6q94Oy7XAo&sz=w600,https://amitphotos.com,FALSE
1Duc1Ky98Yt9a3lUCHi7gGt19ou8_uzTA,אמנות רחוב בלונדון,אנגליה,ציור קיר של ציפור גדולה בטכניקת קו שחור על לבנים עתיקות,https://drive.google.com/thumbnail?id=1Duc1Ky98Yt9a3lUCHi7gGt19ou8_uzTA&sz=w600,https://amitphotos.com,FALSE
1BmHFnp_2eqfYT9D78Uu4019k9hAT9iEW,אדריכלות קתדרלה היסטורית אנגליה,אנגליה,,https://drive.google.com/thumbnail?id=1BmHFnp_2eqfYT9D78Uu4019k9hAT9iEW&sz=w600,https://amitphotos.com,FALSE
1fexmAkIm46K61b-PITUQuFLCVG8q0Uu1,אוניברסיטת קיימברידג' ונהר הקאם,אנגליה,,https://drive.google.com/thumbnail?id=1fexmAkIm46K61b-PITUQuFLCVG8q0Uu1&sz=w600,https://amitphotos.com,FALSE
1gdsKZ9UpW4lPuvzhcbcPLxedASPml6-H,אמנות רחוב בלונדון,אנגליה,ציור קיר צבעוני של פנים אישה עם שיער זורם בסגנון אומנות עירונית,https://drive.google.com/thumbnail?id=1gdsKZ9UpW4lPuvzhcbcPLxedASPml6-H&sz=w600,https://amitphotos.com,FALSE
1PHZ_kjBRX_ifAjHi-k9O79r2H_YD7t7k,שעון רחוב בלונדון,אנגליה,שעון דקורטיבי עתיק על רקע שמיים כחולים בעיר לונדון,https://drive.google.com/thumbnail?id=1PHZ_kjBRX_ifAjHi-k9O79r2H_YD7t7k&sz=w600,https://amitphotos.com,FALSE
13W42seB31mX09kxMi24W9WaJU9bAAOdq,רחוב לונדוני בגשם,אנגליה,תמונה מטושטשת של רחוב אנגלי בעת גשום עם אורות עדשה,https://drive.google.com/thumbnail?id=13W42seB31mX09kxMi24W9WaJU9bAAOdq&sz=w600,https://amitphotos.com,FALSE
16q5moGvz_Qvrmk8iI3DNTE9JDmA_f5Kd,עיניים הלונדון,אנגליה,גלגל התצפיות המפורסם בלונדון מואר על ידי השמש בין עננים,https://drive.google.com/thumbnail?id=16q5moGvz_Qvrmk8iI3DNTE9JDmA_f5Kd&sz=w600,https://amitphotos.com,FALSE
1IqkYIpfg_myAW-f0wywKi4tg06Zgr2Qd,רץ בשדרת העצים,אנגליה,רץ בודד על דרך מוצלה בין שורות עצים ירוקות באנגליה,https://drive.google.com/thumbnail?id=1IqkYIpfg_myAW-f0wywKi4tg06Zgr2Qd&sz=w600,https://amitphotos.com,FALSE
1Qnp_IEW63u5v_lRG9-zyiaP57hSFuxdg,כביש בטונל ירוק,אנגליה,רכב נוסע בכביש צר המוקף בעצים וגדילים עבים באנגליה,https://drive.google.com/thumbnail?id=1Qnp_IEW63u5v_lRG9-zyiaP57hSFuxdg&sz=w600,https://amitphotos.com,FALSE
1UKIQ5TWf6BU0OmUhmtB9hyXHk40o9QAH,שביל ביער בסתיו גרמניה,גרמניה,,https://drive.google.com/thumbnail?id=1UKIQ5TWf6BU0OmUhmtB9hyXHk40o9QAH&sz=w600,https://amitphotos.com,FALSE
16YgTIBO-Qojrm0zQIQslrCV9_bmEb0SQ,מונומנט היסטורי בברלין גרמניה,גרמניה,,https://drive.google.com/thumbnail?id=16YgTIBO-Qojrm0zQIQslrCV9_bmEb0SQ&sz=w600,https://amitphotos.com,FALSE
1I2si-uc6APVK0OOMdkBGqhrerrMd2eDz,עץ בודד בשדה ירוק,גרמניה,עץ יחיד עומד בשדה ירוק רחב תחת שמיים בהירים,https://drive.google.com/thumbnail?id=1I2si-uc6APVK0OOMdkBGqhrerrMd2eDz&sz=w600,https://amitphotos.com,FALSE
1XLpGpRUl1Qe56sc6g517chVWdPrzIhAD,שקט הערב בגרמניה,גרמניה,רחוב צר בשעת הדtwilight עם פנס עתיק וכנסייה רחוקה,https://drive.google.com/thumbnail?id=1XLpGpRUl1Qe56sc6g517chVWdPrzIhAD&sz=w600,https://amitphotos.com,FALSE
1Bi0pZgIkYDSl74ec9UC9tI6X3c0X7N4z,צל של פנס בגרמניה,גרמניה,פנס עתיק מטיל צל דרמטי על קיר אבן צהוב תחת שמיים כחולים,https://drive.google.com/thumbnail?id=1Bi0pZgIkYDSl74ec9UC9tI6X3c0X7N4z&sz=w600,https://amitphotos.com,FALSE
1w8O_ZqZ8Q-yzKFr5YcOZELcOn4s-nMsY,פנס וצל על הקיר,גרמניה,פנס עתיק מטיל צל דרמטי על קיר בנייה עם שמיים כחולים,https://drive.google.com/thumbnail?id=1w8O_ZqZ8Q-yzKFr5YcOZELcOn4s-nMsY&sz=w600,https://amitphotos.com,FALSE
1RnLj3UwKAqNolnTK8LmfVUI_QmfR9ffo,כיכר עיר היסטורית בגרמניה,גרמניה,,https://drive.google.com/thumbnail?id=1RnLj3UwKAqNolnTK8LmfVUI_QmfR9ffo&sz=w600,https://amitphotos.com,FALSE
1jNHa6TWHEJPXhU0feONC_yZMdqehbEd-,חלון זכוכית צבעונית גרמני,גרמניה,חלון זכוכית צבעונית מעוטר בדוגמות גיאומטריות וצבעים עוינים.,https://drive.google.com/thumbnail?id=1jNHa6TWHEJPXhU0feONC_yZMdqehbEd-&sz=w600,https://amitphotos.com,FALSE
1oOoJHPqVKYarqTOJUJ7PQ0qv3d4IDrm9,השתקפות בנהר גרמני,גרמניה,בתים עתיקים משתקפים בזהירות במי הנהר השקט,https://drive.google.com/thumbnail?id=1oOoJHPqVKYarqTOJUJ7PQ0qv3d4IDrm9&sz=w600,https://amitphotos.com,FALSE
1M3vy3gkX5WbO7u3x5iwHYQY_z6K68rki,נשר הים האמריקאי,גרמניה,תמונת פורטרט של נשר הים בעל ראש לבן וחזה חום על רקע שחור,https://drive.google.com/thumbnail?id=1M3vy3gkX5WbO7u3x5iwHYQY_z6K68rki&sz=w600,https://amitphotos.com,FALSE
1GH-pRSXoTrNDjmd7zgg8Oiya2r5Jo_je,נשר ק秃ראש בפרופיל,גרמניה,נשר אמריקאי עם ראש לבן וגוף שחור על רקע חום,https://drive.google.com/thumbnail?id=1GH-pRSXoTrNDjmd7zgg8Oiya2r5Jo_je&sz=w600,https://amitphotos.com,FALSE
10ybFm3HSayPX2SvYxr279qi7MC84vWHE,נשר האריה המלוכי,גרמניה,דיוקן קרוב של נשר אמריקני עם ראש לבן וחזה כהה על רקע שחור,https://drive.google.com/thumbnail?id=10ybFm3HSayPX2SvYxr279qi7MC84vWHE&sz=w600,https://amitphotos.com,FALSE
18LVMgW3oVFcp6q-8pB-iRwPwMHru5r6N,נשר זהוב צעיר,גרמניה,דיוקן קרוב של ציפור טורף צעירה במזכר קשוח וחד,https://drive.google.com/thumbnail?id=18LVMgW3oVFcp6q-8pB-iRwPwMHru5r6N&sz=w600,https://amitphotos.com,FALSE
1oB-I3elJCfqczTwoWn7JYxnOcyqoclrj,נשר זהוב בגרמניה,גרמניה,תמונת פורטרט מקרוב של נשר זהוב עם רקע שחור,https://drive.google.com/thumbnail?id=1oB-I3elJCfqczTwoWn7JYxnOcyqoclrj&sz=w600,https://amitphotos.com,FALSE
1xTyWkvZEfKFiP2YQMZ_qf5GgyTPROzn3,עץ בודד בשדה ירוק,גרמניה,עץ בודד עומד בעמקי שדה ירוק במרחקים של גרמניה,https://drive.google.com/thumbnail?id=1xTyWkvZEfKFiP2YQMZ_qf5GgyTPROzn3&sz=w600,https://amitphotos.com,FALSE
1SXdH6qZNQz1uMF3esSQAHpflvKWw6Hnw,שדה ירוק בגרמניה,גרמניה,נוף רועם של שדה ירוק עם עץ בודד ויער צפוף ברקע,https://drive.google.com/thumbnail?id=1SXdH6qZNQz1uMF3esSQAHpflvKWw6Hnw&sz=w600,https://amitphotos.com,FALSE
1hb61cfQlsoS1ROWmT8r4kE6Ng2nQNdGg,סנאי בענפי היער,גרמניה,סנאי חום עומד על ענף מכוסה שmoss ביער גרמני ירוק,https://drive.google.com/thumbnail?id=1hb61cfQlsoS1ROWmT8r4kE6Ng2nQNdGg&sz=w600,https://amitphotos.com,FALSE
19gBeOQYE1-FvkLtA-fzPwiiKf8xF-i0V,בית טימברד גרמני עתיק,גרמניה,בניין מסורתי גרמני עם קורות עץ וקישוטים גיאומטריים יפים,https://drive.google.com/thumbnail?id=19gBeOQYE1-FvkLtA-fzPwiiKf8xF-i0V&sz=w600,https://amitphotos.com,FALSE
1uG7W_jsw5SHP7eVh_pE4PaUi5eMzl9MX,כרמים בגרמניה,גרמניה,שדות כרמים ירוקים על המדרונות בגרמניה עם נוף הררי מקסים,https://drive.google.com/thumbnail?id=1uG7W_jsw5SHP7eVh_pE4PaUi5eMzl9MX&sz=w600,https://amitphotos.com,FALSE
1v_AifY9gLwMSGjQ95lsulCP6MaiL7Qj4,מדוזות זוהרות בחושך,גרמניה,מדוזות בעלות זוהר כחול יפה שוחות בעומק הים האפל,https://drive.google.com/thumbnail?id=1v_AifY9gLwMSGjQ95lsulCP6MaiL7Qj4&sz=w600,https://amitphotos.com,FALSE
1tg2z-fvban2eXxY_Y0j0o-3TIAHKNnp3,ירקות טריים בשוק,גרמניה,גזר כתום וצנוניות אדומות신 טריים במשחק צבעים חויה בשוק,https://drive.google.com/thumbnail?id=1tg2z-fvban2eXxY_Y0j0o-3TIAHKNnp3&sz=w600,https://amitphotos.com,FALSE
1aAVQrQeiZEgiDo_JMoqyiLo9n6x3qpfu,ירקות טריים בשוק,גרמניה,תערוכת ירקות צבעוניים בשוק הקיץ הגרמני,https://drive.google.com/thumbnail?id=1aAVQrQeiZEgiDo_JMoqyiLo9n6x3qpfu&sz=w600,https://amitphotos.com,FALSE
17TBkjwBoT2x1yzuxvm8Vgs314SEZvwMf,גזר טרי בשוק,גרמניה,סלסלות גזר צהוב וכתום신tרי במשק חקלאי גרמני,https://drive.google.com/thumbnail?id=17TBkjwBoT2x1yzuxvm8Vgs314SEZvwMf&sz=w600,https://amitphotos.com,FALSE
1den9gI7vGQGgDKFhGfRlJ3kqpkEikTcC,זינניות צבעוניות,גרמניה,"אוסף פרחי זינניה בצבעים עזים של ורוד, כתום ואדום",https://drive.google.com/thumbnail?id=1den9gI7vGQGgDKFhGfRlJ3kqpkEikTcC&sz=w600,https://amitphotos.com,FALSE
1VO9kO_wqs-ziA1jUwQH343YJ5wNgxMWF,תימנון קתדרלה גותית,גרמניה,דלת כניסה מעוטרת של קתדרלה גותית בגרמניה עם פסלים דקורטיביים,https://drive.google.com/thumbnail?id=1VO9kO_wqs-ziA1jUwQH343YJ5wNgxMWF&sz=w600,https://amitphotos.com,FALSE
11wxIXv9ZTmahj7_7L3QacFztEomMFgk4,דלת קתדרלה גותית,גרמניה,דלת עתיקה בדוגמת גותית עם עיטורים מפורטים וקשתות מעוקלות,https://drive.google.com/thumbnail?id=11wxIXv9ZTmahj7_7L3QacFztEomMFgk4&sz=w600,https://amitphotos.com,FALSE
1hWbN5TL_IKSS-FITYFo8LC5BgUmoUA39,חלונות ויטראז גוטיים,גרמניה,חלונות ויטראז צבעוניים מהתקופה הגותית בקתדרלה גרמנית,https://drive.google.com/thumbnail?id=1hWbN5TL_IKSS-FITYFo8LC5BgUmoUA39&sz=w600,https://amitphotos.com,FALSE
14rG5W3jwcADiqLxUREUXAqKPjGbGxulA,שקיעה ים תיכונית בחוף יוון,הולנד,,https://drive.google.com/thumbnail?id=14rG5W3jwcADiqLxUREUXAqKPjGbGxulA&sz=w600,https://amitphotos.com,FALSE
1nPkQltk-kwphzeMCSkBxiMjoWOL-nU92,שדה פרחים בהולנד,הולנד,שדה פרחים אדומים שופע מתחת לעצים ירוקים עבים בהולנד,https://drive.google.com/thumbnail?id=1nPkQltk-kwphzeMCSkBxiMjoWOL-nU92&sz=w600,https://amitphotos.com,FALSE
16_kIsahWG_P5Glk3AVqv4Q95ZKqSoXV9,ערב בהולנד,הולנד,תעלה הולנדית בשקיעה עם מגדל עתיק ובנייני אדום עתיקים,https://drive.google.com/thumbnail?id=16_kIsahWG_P5Glk3AVqv4Q95ZKqSoXV9&sz=w600,https://amitphotos.com,FALSE
1UW89XVzBQ7IL7ei8re_pxx7y3z_1WYjd,עץ עתיק בהולנד,הולנד,טקסטורת עץ מעבר לזמן עם צבע טורקיז בוהק ותבליטים טבעיים,https://drive.google.com/thumbnail?id=1UW89XVzBQ7IL7ei8re_pxx7y3z_1WYjd&sz=w600,https://amitphotos.com,FALSE
1yX492uqDKYSZtMlBeJ9RFySzpUT-ppx8,אריחי רצפה הולנדיים,הולנד,"תבנית צבעונית של אריחים מרובעים בגוונים אדומים, כחולים וקרם",https://drive.google.com/thumbnail?id=1yX492uqDKYSZtMlBeJ9RFySzpUT-ppx8&sz=w600,https://amitphotos.com,FALSE
1uDhUdoUgBx1ZbM8hmRBCQSl9JmHiW1bd,נוף הולנדי מסורתי צילום אמנותי,הולנד,,https://drive.google.com/thumbnail?id=1uDhUdoUgBx1ZbM8hmRBCQSl9JmHiW1bd&sz=w600,https://amitphotos.com,FALSE
115eqcCv8hlzJp7T5hVcqrVJeMOLQbxa6,בתי תעלות באמסטרדם והשתקפות,הולנד,,https://drive.google.com/thumbnail?id=115eqcCv8hlzJp7T5hVcqrVJeMOLQbxa6&sz=w600,https://amitphotos.com,FALSE
1MEXl9agfUsf8bX-LrVXQ9fQoMN3R6F2R,דרך כפרית בהולנד,הולנד,שדות ירוקים וסיחים לאורך דרך כפרית בנוף הולנדי אופייני,https://drive.google.com/thumbnail?id=1MEXl9agfUsf8bX-LrVXQ9fQoMN3R6F2R&sz=w600,https://amitphotos.com,FALSE
1eV1m_7ednH16DOdthfISdMi-qhaeAguw,טחנות הרוח ההולנדיות,הולנד,נוף קלאסי הולנדי עם טחנות רוח מסורתיות לאורך התעלה השקטה,https://drive.google.com/thumbnail?id=1eV1m_7ednH16DOdthfISdMi-qhaeAguw&sz=w600,https://amitphotos.com,FALSE
1ECRFTE6sAMkCwPwCK2yblfvgOfUDLram,טחנת רוח הולנדית,הולנד,טחנת רוח מסורתית על גשר עץ מעל תעלה בהולנד,https://drive.google.com/thumbnail?id=1ECRFTE6sAMkCwPwCK2yblfvgOfUDLram&sz=w600,https://amitphotos.com,FALSE
1KMCA9iUrSibvmGIoOP341nTxkb2f8uFx,טחנת רוח הולנדית,הולנד,טחנת רוח מסורתית על גדות תעלה בהולנד עם אווז לבן,https://drive.google.com/thumbnail?id=1KMCA9iUrSibvmGIoOP341nTxkb2f8uFx&sz=w600,https://amitphotos.com,FALSE
1o1YBlK6a6yx8tYXB71Mux391w1kLKbaE,טחנת רוח הולנדית,הולנד,טחנת רוח מסורתית על גדות תעלה הולנדית בנוף ירוק ושלום,https://drive.google.com/thumbnail?id=1o1YBlK6a6yx8tYXB71Mux391w1kLKbaE&sz=w600,https://amitphotos.com,FALSE
1PMHbwVK89VV6-pJFms4_0hiwG-yCS3KA,ינשוף עם עיניים זהובות,הולנד,ינשוף מדהים עם עיניים כתומות בוהקות על רקע שחור,https://drive.google.com/thumbnail?id=1PMHbwVK89VV6-pJFms4_0hiwG-yCS3KA&sz=w600,https://amitphotos.com,FALSE
1ByCvB6E1ZptVJNxNEYUMPbkZYLVfflRO,טירת מואר בהולנד,הולנד,טירה עתיקה עם מגדלים מרשימים וגנים מטופלים בסביבתה,https://drive.google.com/thumbnail?id=1ByCvB6E1ZptVJNxNEYUMPbkZYLVfflRO&sz=w600,https://amitphotos.com,FALSE
1vKAYdSH0PGYUvRhTl59v_CLvvRAOKyzR,טחנות הרוח ההולנדיות,הולנד,"טחנות רוח מסורתיות על גדת הנהר בהולנד, בין דשא ירוק",https://drive.google.com/thumbnail?id=1vKAYdSH0PGYUvRhTl59v_CLvvRAOKyzR&sz=w600,https://amitphotos.com,FALSE
1_SUtLt8EAkXhLt92VGtPDwiz0CP9BGqX,גגות אדומים של יוון,יוון,קונסטרוקציה מסורתית יוונית עם גגות אריחים אדומים ועד עתיקה,https://drive.google.com/thumbnail?id=1_SUtLt8EAkXhLt92VGtPDwiz0CP9BGqX&sz=w600,https://amitphotos.com,FALSE
1A5PDiwG9dUZI2AKTBJQMPqVG-EY76yby,קומיני עתיקים ביוון,יוון,קומיני עץ ולבנים עם גגות כתום בכפר יווני מסורתי,https://drive.google.com/thumbnail?id=1A5PDiwG9dUZI2AKTBJQMPqVG-EY76yby&sz=w600,https://amitphotos.com,FALSE
1edGYGkeg96Bk2-Cp93ESOpTn_fjD3IdV,שקיעה על הים ביוון,יוון,דמות בודדת על רציף משקיפה לשקיעה מתהפכת מעל הימים היווניים,https://drive.google.com/thumbnail?id=1edGYGkeg96Bk2-Cp93ESOpTn_fjD3IdV&sz=w600,https://amitphotos.com,FALSE
15eQX3B704rjwH40d-SLDlRTRODP8JsGy,שער אבן בעיר העתיקה,יוון,שער אבן מואר בתאורה חמימה בעיר יוונית עתיקה בלילה,https://drive.google.com/thumbnail?id=15eQX3B704rjwH40d-SLDlRTRODP8JsGy&sz=w600,https://amitphotos.com,FALSE
1xVy1KFYjrd_33fbJsuQ3QgmdXnNmM3eq,שתי דובים בקפה יווני,יוון,פסלי דובים יושבים בקפה עם משקה וספר בין שתיהן,https://drive.google.com/thumbnail?id=1xVy1KFYjrd_33fbJsuQ3QgmdXnNmM3eq&sz=w600,https://amitphotos.com,FALSE
1OvOmi9DDMOShB2QTj7pP--P_vbi-3T3C,אדריכלות יוונית כחול ולבן,יוון,,https://drive.google.com/thumbnail?id=1OvOmi9DDMOShB2QTj7pP--P_vbi-3T3C&sz=w600,https://amitphotos.com,FALSE
1sN2DiFiRBMTNPqf3POewpYefbbSebKMV,רשתות דיג יווניות,יוון,רשתות דיג מסורתיות עם צפים אדומים על החוף היווני,https://drive.google.com/thumbnail?id=1sN2DiFiRBMTNPqf3POewpYefbbSebKMV&sz=w600,https://amitphotos.com,FALSE
1MuKUkfLsKWhuwizKoOjjgFsyyqvEv5Q8,חצר כפרית ביוון,יוון,חצר אבן מסורתית בכפר יווני עם בתים עתיקים וצל טבעי,https://drive.google.com/thumbnail?id=1MuKUkfLsKWhuwizKoOjjgFsyyqvEv5Q8&sz=w600,https://amitphotos.com,FALSE
1f8P_3sz4yVElh3ejItjZIujzvtCb4ixO,קיר צהוב יווני,יוון,קיר צהוב עתיק בעל סדקים וגדול ירוק טבעי ביוון,https://drive.google.com/thumbnail?id=1f8P_3sz4yVElh3ejItjZIujzvtCb4ixO&sz=w600,https://amitphotos.com,FALSE
1k9gIfRFpdQ_D3ZBd8ecirMXqQBGBEtST,עמקי מטאורה ביוון,יוון,"נוף עוצר נשימה של סלעים ענקיים, כפרים וחקלאות בעמק מטאורה",https://drive.google.com/thumbnail?id=1k9gIfRFpdQ_D3ZBd8ecirMXqQBGBEtST&sz=w600,https://amitphotos.com,FALSE
1hZCGkvLlriQTJR0gq0ZAIeAop-pG4nqv,קורות רעפים יווניים עתיקים,יוון,בתים עתיקים עם גגות רעפים אבן בכפר יווני מסורתי,https://drive.google.com/thumbnail?id=1hZCGkvLlriQTJR0gq0ZAIeAop-pG4nqv&sz=w600,https://amitphotos.com,FALSE
18RmlIY8iORAWgeySZXlrehhg9ywlpc5D,כרמים ירוקים ביוון,יוון,שדות כרמים מעוטרים בעצים ירוקים בעמק יווני פורה,https://drive.google.com/thumbnail?id=18RmlIY8iORAWgeySZXlrehhg9ywlpc5D&sz=w600,https://amitphotos.com,FALSE
1_aR8jkePIvKyJ-5sL8Wc5N9BhXlC_OnY,דלתות תורכוז עתיקות ביוון,יוון,דלתות כחולות עם פטינה עתיקה בשביל צר בכפר יווני,https://drive.google.com/thumbnail?id=1_aR8jkePIvKyJ-5sL8Wc5N9BhXlC_OnY&sz=w600,https://amitphotos.com,FALSE
1O5kxNYqAFLcYuJJkN_6gVaHtLBO_-5qL,חנות דבש יוונית מסורתית,יוון,מדפים עמוסים בצנצנות דבש וריבות בצבעים תופסי עין,https://drive.google.com/thumbnail?id=1O5kxNYqAFLcYuJJkN_6gVaHtLBO_-5qL&sz=w600,https://amitphotos.com,FALSE
1GJPkn3GfQ2qpX3cxTVva4voGz9m0i44E,חנות ריבות יוונית מסורתית,יוון,מדפים עם צנצנות ריבה וממרחים יווניים צבעוניים בחנות מקומית,https://drive.google.com/thumbnail?id=1GJPkn3GfQ2qpX3cxTVva4voGz9m0i44E&sz=w600,https://amitphotos.com,FALSE
1mMxsQIX70Ojcrdn-T5MB9LYWoXwIakTD,קליפות עץ עתיק,יוון,מרקם מפורט של קליפת עץ מיובשת בגוונים אפורים וחומים,https://drive.google.com/thumbnail?id=1mMxsQIX70Ojcrdn-T5MB9LYWoXwIakTD&sz=w600,https://amitphotos.com,FALSE
1nKqihv18Bce0Q-B3KSkTHJHTwzFXF-47,דלת עתיקה יוונית,יוון,דלת עץ כחולה עם חומרה מתכתית וקסם היסטורי של יוון,https://drive.google.com/thumbnail?id=1nKqihv18Bce0Q-B3KSkTHJHTwzFXF-47&sz=w600,https://amitphotos.com,FALSE
1g9FjR7lI5b1G5o7Swv3L9wyR4Pmj5IqG,השתקפות בימים היוונים,יוון,השתקפות של בנייה ועצים במים טורקיזים של אגם או ים ביוון,https://drive.google.com/thumbnail?id=1g9FjR7lI5b1G5o7Swv3L9wyR4Pmj5IqG&sz=w600,https://amitphotos.com,FALSE
1IaD571TCZXpmWAkVNjR9On2MPau0HT7K,פרחים סגולים יוונים,יוון,זרקתון פרחים סגולים עם לב לבן בעדינות בטבע יווני,https://drive.google.com/thumbnail?id=1IaD571TCZXpmWAkVNjR9On2MPau0HT7K&sz=w600,https://amitphotos.com,FALSE
1jvLVyX8GysbfXZN78Rbbyp0WsUNdmNUy,גשר אבן על הנהר,יוון,נהר זורם תחת גשר אבן עתיק בתוך עמק ירוק בהרי יוון,https://drive.google.com/thumbnail?id=1jvLVyX8GysbfXZN78Rbbyp0WsUNdmNUy&sz=w600,https://amitphotos.com,FALSE
1ws3TKrzadnML6NYfJnNxsRben26DFKO2,מפלות המים של יוון,יוון,מפל מימי עוצמתי עם מים טורקיזים זורמים בין סלעים,https://drive.google.com/thumbnail?id=1ws3TKrzadnML6NYfJnNxsRben26DFKO2&sz=w600,https://amitphotos.com,FALSE
1oQ0SiZm5NsCuAP4qxgB2zZUbwrXrqxTW,סמטה לבנה באי יווני צילום רחוב,יוון,,https://drive.google.com/thumbnail?id=1oQ0SiZm5NsCuAP4qxgB2zZUbwrXrqxTW&sz=w600,https://amitphotos.com,FALSE
1L2si56DPncjQ7YPgrnSn8qQ_V-JK-6Qe,חלון בעלי הזרעים,יוון,חלון עתיק מוסתר בתוך כיסוי צמחיה ירוקה בעיירה יוונית,https://drive.google.com/thumbnail?id=1L2si56DPncjQ7YPgrnSn8qQ_V-JK-6Qe&sz=w600,https://amitphotos.com,FALSE
1peWEB-o9X0w8ouezEqnNop20NRVyHnqr,ירקות טריים מיוונית,יוון,דלעת צהובה וכרוב ירוק על רקע עץ טורקיז,https://drive.google.com/thumbnail?id=1peWEB-o9X0w8ouezEqnNop20NRVyHnqr&sz=w600,https://amitphotos.com,FALSE
19thgJ1SLZtLlziRWLWfCTVV1irhjtmGX,מפלי מים ביוון,יוון,מפלי מים עוצמתיים בין סלעים ירוקים בקניון יווני מרהיב,https://drive.google.com/thumbnail?id=19thgJ1SLZtLlziRWLWfCTVV1irhjtmGX&sz=w600,https://amitphotos.com,FALSE
1rmutyjSPsV0L-WBVKFfO0USF7l4anBdg,צלב על כנסייה יוונית,יוון,צלב עץ זהוב על קומת כנסייה קלאסית מול שמיים כחולים,https://drive.google.com/thumbnail?id=1rmutyjSPsV0L-WBVKFfO0USF7l4anBdg&sz=w600,https://amitphotos.com,FALSE
1h2mARoqKNE1tSLSO8e15DdCzku44pH5Z,דלת עתיקה יוונית,יוון,דלת עץ מעוטרת עם פרטים מתכתיים וחריטות זהב עדינות,https://drive.google.com/thumbnail?id=1h2mARoqKNE1tSLSO8e15DdCzku44pH5Z&sz=w600,https://amitphotos.com,FALSE
12nEvb5jWhki41SoS3G7JTlaJ2nKE7wsR,מנזרי מטאורה יוון נוף הררי,יוון,,https://drive.google.com/thumbnail?id=12nEvb5jWhki41SoS3G7JTlaJ2nKE7wsR&sz=w600,https://amitphotos.com,FALSE
1RL3drU2FA9li_--J3fb1lPkUae7J4np6,שוברי גלים יוונים,יוון,שוברי גלים בטון לבן על חוף יווני תחת שמיים כחולים.,https://drive.google.com/thumbnail?id=1RL3drU2FA9li_--J3fb1lPkUae7J4np6&sz=w600,https://amitphotos.com,FALSE
1bwCjLweaRzBfN-yMzW9GUPwdBJL-QNRr,אופק כחול אינסופי,יוון,נוף ים יווני עם שמיים맑은 וקו אופק ברור,https://drive.google.com/thumbnail?id=1bwCjLweaRzBfN-yMzW9GUPwdBJL-QNRr&sz=w600,https://amitphotos.com,FALSE
1hjxpbXvrYRHBK9rqSXVW9lucISvhJTCZ,מפל מים בגוונים כחולים,יוון,מפל מימי בעיצוב סלעי טבעיים ובריכה בצבע טורקיז עמוק,https://drive.google.com/thumbnail?id=1hjxpbXvrYRHBK9rqSXVW9lucISvhJTCZ&sz=w600,https://amitphotos.com,FALSE
1Tof9c4pWfn0bEwBEMz7m48OWlWyrWkk3,מנזר על הסלע,יוון,מנזר עתיק על צוק סלעי בנוף הררי יווני משגע,https://drive.google.com/thumbnail?id=1Tof9c4pWfn0bEwBEMz7m48OWlWyrWkk3&sz=w600,https://amitphotos.com,FALSE
1bNUD9_bLskhZpw8hrpTt-kNceho6fUsy,ילד בחופי יוון,יוון,"ילד עומד בים בזריחה, סירות דיג מטושטשות ברקע",https://drive.google.com/thumbnail?id=1bNUD9_bLskhZpw8hrpTt-kNceho6fUsy&sz=w600,https://amitphotos.com,FALSE
1sPaSdngAz71GjCD1WytEIh9LkExcV9MY,חלון יווני עם נוף,יוון,חלון מסורתי יווני עם נוף ירוק וחפצי עיצוב בפנים,https://drive.google.com/thumbnail?id=1sPaSdngAz71GjCD1WytEIh9LkExcV9MY&sz=w600,https://amitphotos.com,FALSE
1caBkdcEpt-4bIsN-3YRzsTAfOZ2g9Rpu,חוף טורקיז ביוון,יוון,חוף יחידה עם מים כחולים וסלעים בתוך מדרון עציץ,https://drive.google.com/thumbnail?id=1caBkdcEpt-4bIsN-3YRzsTAfOZ2g9Rpu&sz=w600,https://amitphotos.com,FALSE
11j8dfbuZSBVGmr4GA40UzmrdLh0gscqR,חוף טורקיז ביוון,יוון,רחצים נהנים במים הצלולים של חוף יווני יפהפה,https://drive.google.com/thumbnail?id=11j8dfbuZSBVGmr4GA40UzmrdLh0gscqR&sz=w600,https://amitphotos.com,FALSE
1gnUdX0Lg7kKhK-RamHVeE6hgeiy7qYSZ,רשתות דיג ביוונית,יוון,רשתות דיג צהובות תלויות על החוף היווני עם כדורים אדומים,https://drive.google.com/thumbnail?id=1gnUdX0Lg7kKhK-RamHVeE6hgeiy7qYSZ&sz=w600,https://amitphotos.com,FALSE
1YD55X9pPo8FWHPqAaIpgw3b_TpS3SjX7,חתול ביוון העתיקה,יוון,חתול מחוספס על אבנים עתיקות מול בניין היסטורי ביוון,https://drive.google.com/thumbnail?id=1YD55X9pPo8FWHPqAaIpgw3b_TpS3SjX7&sz=w600,https://amitphotos.com,FALSE
1-QdedjPvx0mSSFlH10h3x8-XdJ5_K0Zx,נהר בעמק ההרים,מונטנגרו,נהר זורם בעמק משופע בין הרים סלעיים ויער צפוף בירוקות.,https://drive.google.com/thumbnail?id=1-QdedjPvx0mSSFlH10h3x8-XdJ5_K0Zx&sz=w600,https://amitphotos.com,FALSE
1oQteqzfUcTFhLPVXBFPZ38e1VNxsaUVn,יער מחטים צפוף,מונטנגרו,נוף אווירי של יער אורן סמיך ירוק בהרים,https://drive.google.com/thumbnail?id=1oQteqzfUcTFhLPVXBFPZ38e1VNxsaUVn&sz=w600,https://amitphotos.com,FALSE
1VZxtR1NTYTMzystC1lvlsKnxqYtOIbmP,עלים סתווים על המים,מונטנגרו,עלים צהובים ואדומים של סתיו משתקפים ליד המים הכחולים הכהים,https://drive.google.com/thumbnail?id=1VZxtR1NTYTMzystC1lvlsKnxqYtOIbmP&sz=w600,https://amitphotos.com,FALSE
1cZAEVIRmfezR3uZmFPD_GDYDa8Jxc2gB,אגם הרים שקט,מונטנגרו,אגם שקט המשקף את השמיים והיערות הצפופים סביבו,https://drive.google.com/thumbnail?id=1cZAEVIRmfezR3uZmFPD_GDYDa8Jxc2gB&sz=w600,https://amitphotos.com,FALSE
1H0zUqPotU1YWoYbE4QaGXs6HKfZXPuYX,פסגה בעננים,מונטנגרו,הר גבוה מכוסה בערפל עם שלג ושמש זורחת,https://drive.google.com/thumbnail?id=1H0zUqPotU1YWoYbE4QaGXs6HKfZXPuYX&sz=w600,https://amitphotos.com,FALSE
1oLMFZwBI9Gd0cjS47Vy-eVwUx5a8vsKm,הרים אבן ירוקים,מונטנגרו,נוף הרי סלע לבן ובוץ ירוק בשיא הטבע הבלקני,https://drive.google.com/thumbnail?id=1oLMFZwBI9Gd0cjS47Vy-eVwUx5a8vsKm&sz=w600,https://amitphotos.com,FALSE
1YDWBlKGtD-orHgW0vZZJj-p1PU9IZ5Jg,גשר מעל הים,מונטנגרו,גשר מודרני חוצה מפרץ ים כחול תוך יצירת צל דרמטי,https://drive.google.com/thumbnail?id=1YDWBlKGtD-orHgW0vZZJj-p1PU9IZ5Jg&sz=w600,https://amitphotos.com,FALSE
1KIl1-gUdJbG1xXQt6_ykpm0EfKPPk-nX,מנהרה אבן עתיקה,מונטנגרו,מנהרה עתיקה מחוצצת בסלע עם זרם מים וירקרוק טבעי,https://drive.google.com/thumbnail?id=1KIl1-gUdJbG1xXQt6_ykpm0EfKPPk-nX&sz=w600,https://amitphotos.com,FALSE
1L-4-iziL6Crvbf4IpR7tvVu2IpXw_hSp,קיר תרבות כדורגל,מונטנגרו,אוסף עצום של תגים ותמונות של קבוצות כדורגל אירופיות על קיר,https://drive.google.com/thumbnail?id=1L-4-iziL6Crvbf4IpR7tvVu2IpXw_hSp&sz=w600,https://amitphotos.com,FALSE
1FleBc74zF7KqAQXs_Imv4pW-ZpHgRgnw,קיר תיעוד וזכרונות,מונטנגרו,אוסף עשיר של תגים וסמלים המהווה מונומנט לתרבות מקומית,https://drive.google.com/thumbnail?id=1FleBc74zF7KqAQXs_Imv4pW-ZpHgRgnw&sz=w600,https://amitphotos.com,FALSE
1Xu2mARpZncQYYOoXIlvrv6w-v8QKtVSP,יער סתיו בהרים,מונטנגרו,נוף אווירי של יער הררי בצבעי סתיו עוגבים וזהובים,https://drive.google.com/thumbnail?id=1Xu2mARpZncQYYOoXIlvrv6w-v8QKtVSP&sz=w600,https://amitphotos.com,FALSE
1eQHDV-FQHuGwe4SbpaTCc4iGCgYtFI0H,פרח מכוסה כfrost,מונטנגרו,"פרח לבן מעוד בשלג או כפור, על רקע טבעי כהה וזהוב",https://drive.google.com/thumbnail?id=1eQHDV-FQHuGwe4SbpaTCc4iGCgYtFI0H&sz=w600,https://amitphotos.com,FALSE
1d1NZ8fqExLKJhWQfVx-_p0v70XrZ91yT,ציפורי המים בטבע,מונטנגרו,שתי ציפורי דיג שחורות על ענף מעל מים בטבע פתוח,https://drive.google.com/thumbnail?id=1d1NZ8fqExLKJhWQfVx-_p0v70XrZ91yT&sz=w600,https://amitphotos.com,FALSE
1mR7B8iqgFOBLc_LhTRxF0JPxCkOajkEf,פרחים שרופים על המים,מונטנגרו,פרחים יבשים צפים על פני מים כחולים זכים,https://drive.google.com/thumbnail?id=1mR7B8iqgFOBLc_LhTRxF0JPxCkOajkEf&sz=w600,https://amitphotos.com,FALSE
1-MyJWzUCYUp7UKLd5cPUdmB6t3pgp6Ns,אגם עם שושנות מים,מונטנגרו,נוף אווירי של אגם שקט מכוסה בעלי שושנת מים ירוקים,https://drive.google.com/thumbnail?id=1-MyJWzUCYUp7UKLd5cPUdmB6t3pgp6Ns&sz=w600,https://amitphotos.com,FALSE
1z23dvVT8aWaL90C7uJtcz8SllgfsCwOH,סירה אדומה על המים,מונטנגרו,סירת דיג עם השתקפות יפות במים הצלולים והכחולים,https://drive.google.com/thumbnail?id=1z23dvVT8aWaL90C7uJtcz8SllgfsCwOH&sz=w600,https://amitphotos.com,FALSE
1kRGeOdFxk06K9bXrTPC9qhC4rkwNxz_N,השתקפות בים הכחול,מונטנגרו,סירה אדומה משתקפת במים צלולים של הים התיכון,https://drive.google.com/thumbnail?id=1kRGeOdFxk06K9bXrTPC9qhC4rkwNxz_N&sz=w600,https://amitphotos.com,FALSE
1bTf1shjIVeMLxmMSrmP3d-8lqa8vPlCg,חתול רחוב בשוק העתיק,מונטנגרו,חתול שחור ולבן צופה למצלמה על רחוב אבן ישן,https://drive.google.com/thumbnail?id=1bTf1shjIVeMLxmMSrmP3d-8lqa8vPlCg&sz=w600,https://amitphotos.com,FALSE
10JxlwcIji_xR4H-ocfIpEauC4IqKC45e,חתימה על עץ עתיק,מונטנגרו,"כתובת לבנה על חבית עץ בלוי, עדות להיסטוריה ותרבות",https://drive.google.com/thumbnail?id=10JxlwcIji_xR4H-ocfIpEauC4IqKC45e&sz=w600,https://amitphotos.com,FALSE
1KR_9fDJvlzYkpkT4SBQ8ojYvLWutUZtL,סירה בודדה בים השקט,מונטנגרו,סירת דיג לבנה עוגנת בשקט על מים כחולים עם ציפורים מרחוק,https://drive.google.com/thumbnail?id=1KR_9fDJvlzYkpkT4SBQ8ojYvLWutUZtL&sz=w600,https://amitphotos.com,FALSE
18QyNaG4FB0PI4D2Vcrwb1mEfi4oRlMEU,פרחים כחולים בעונת האביב,מונטנגרו,פרחים כחולים עדינים בשדה צבעוני מול רקע טבעי מטושטש,https://drive.google.com/thumbnail?id=18QyNaG4FB0PI4D2Vcrwb1mEfi4oRlMEU&sz=w600,https://amitphotos.com,FALSE
1XGushvst1Gd4fJaitgrmT0g94HhfrcUi,טלאים צבעוניים בשוק,מונטנגרו,שטיחים וטלאים מסורתיים עם צבעים עוצמתיים תלויים בשוק,https://drive.google.com/thumbnail?id=1XGushvst1Gd4fJaitgrmT0g94HhfrcUi&sz=w600,https://amitphotos.com,FALSE
1kFhLNVLTM7SKYxWuV2gzEIyWrwdfkwcW,דמויות סנטה קלאוס מעוטרות,מונטנגרו,פסלוני סנטה קלאוס צבעוניים וגמלים מעוטרים בזהב ואדום,https://drive.google.com/thumbnail?id=1kFhLNVLTM7SKYxWuV2gzEIyWrwdfkwcW&sz=w600,https://amitphotos.com,FALSE
1F83TrJE58tuYvpjoTEppO4sLlR_B9h6I,חתול בנח על הרחוב,מונטנגרו,חתול אדום לבן שוכב על מדרכה מרוצפת בדוגמת משבצות,https://drive.google.com/thumbnail?id=1F83TrJE58tuYvpjoTEppO4sLlR_B9h6I&sz=w600,https://amitphotos.com,FALSE
1aSyJCX8VuJlc28OQ8pT4HXrzZhQvy8qo,נורות טורקיות כחולות,מונטנגרו,מנורות מוזאיקה מסורתיות בצבעים חמים וכחול עוצר נשימה,https://drive.google.com/thumbnail?id=1aSyJCX8VuJlc28OQ8pT4HXrzZhQvy8qo&sz=w600,https://amitphotos.com,FALSE
19Q-SGNEyuCzAc8cbmMMeXeSzVpaFJazV,אגם שקט בסלובקיה,סלובקיה,אגם שקט משתקף בין יערות צפופים ועצים הופכים צבע לסתיו,https://drive.google.com/thumbnail?id=19Q-SGNEyuCzAc8cbmMMeXeSzVpaFJazV&sz=w600,https://amitphotos.com,FALSE
1mplPGZRcTguwJ24aQWKWgltTHsudEIr2,פסל כבש עתיק,סלובקיה,"פסל מתכת של ראש כבש עם קרניים מעוקלות, עיצוב מסורתי סלובקי",https://drive.google.com/thumbnail?id=1mplPGZRcTguwJ24aQWKWgltTHsudEIr2&sz=w600,https://amitphotos.com,FALSE
1_Veq6buDjoWYBjz49v9w2_RFFZ4Zu_Cd,בית ציפור עתיק בסלובקיה,סלובקיה,בית ציפור עץ עם חור עגול על גג רעפים בשלל צבעים,https://drive.google.com/thumbnail?id=1_Veq6buDjoWYBjz49v9w2_RFFZ4Zu_Cd&sz=w600,https://amitphotos.com,FALSE
1nUCTMYuPdBqMshHRz2ThiXe4R5qc63TY,חלון עתיק בגג סלובקי,סלובקיה,חלון מעץ עתיק בגג אריחים מכוסה טחב בסלובקיה,https://drive.google.com/thumbnail?id=1nUCTMYuPdBqMshHRz2ThiXe4R5qc63TY&sz=w600,https://amitphotos.com,FALSE
16z-bJaEjNcwUpviw28lgDiAV_NMug-Ic,נוף הרים סלובקי,סלובקיה,"שדות ירוקים וצוקי אורנים בהרי סלובקיה, צילום אווירי",https://drive.google.com/thumbnail?id=16z-bJaEjNcwUpviw28lgDiAV_NMug-Ic&sz=w600,https://amitphotos.com,FALSE
1wEW9UC71Dnca2E6WYWw5qqt4nWAuhlJn,נוף סלובקי בסתיו,סלובקיה,שדה ירוק מתוך יער צפוף בעונת הסתיו הקדומה,https://drive.google.com/thumbnail?id=1wEW9UC71Dnca2E6WYWw5qqt4nWAuhlJn&sz=w600,https://amitphotos.com,FALSE
14v7JbtjQX03bOhyywk4w3VwiWFtq5vRq,בית עץ סלובקי,סלובקיה,בית עץ מסורתי עם חלונות אפלים וערימת עצים בחזית,https://drive.google.com/thumbnail?id=14v7JbtjQX03bOhyywk4w3VwiWFtq5vRq&sz=w600,https://amitphotos.com,FALSE
1taihR0eG_8acGVbfe76QQ0d_v20A1Pq1,בית עתיק בסלובקיה,סלובקיה,חזית עץ מעוטרת בדוגמאות אתניות מסורתיות וחלונות עתיקים,https://drive.google.com/thumbnail?id=1taihR0eG_8acGVbfe76QQ0d_v20A1Pq1&sz=w600,https://amitphotos.com,FALSE
1GkIX48BOMYyS_v-o1Rv6mqJQqOZRH5D0,בית עם דוגמנות סלובקית,סלובקיה,בית מסורתי בסלובקיה עם קישוטים גיאומטריים לבנים וזרעים אדומים,https://drive.google.com/thumbnail?id=1GkIX48BOMYyS_v-o1Rv6mqJQqOZRH5D0&sz=w600,https://amitphotos.com,FALSE
1_a6lttAlcebpHimEUXAe6ah0wfrMUMPO,חלון צהוב בקיר כחול,סלובקיה,חלון צהוב עם מסגרת עץ בקיר כחול מעץ בסלובקיה,https://drive.google.com/thumbnail?id=1_a6lttAlcebpHimEUXAe6ah0wfrMUMPO&sz=w600,https://amitphotos.com,FALSE
1_rvROOsKzW5uy4ICPVqOTOhsnEfvAKDN,סתיו בסלובקיה,סלובקיה,עצים בעלים זהובים ותופסים בצבעי סתיו עשירים,https://drive.google.com/thumbnail?id=1_rvROOsKzW5uy4ICPVqOTOhsnEfvAKDN&sz=w600,https://amitphotos.com,FALSE
1RWz2ZIrTCbwxA6A9sEGhUol4i4hOIo5y,רובין אירופי בסלובקיה,סלובקיה,ציפור רובין קטנה עם חזה כתום עומדת על אזור מוסוגר בירוק,https://drive.google.com/thumbnail?id=1RWz2ZIrTCbwxA6A9sEGhUol4i4hOIo5y&sz=w600,https://amitphotos.com,FALSE
1lraiJ-ll34As0arwxTDdeuI84tY3LaLg,נוף הררי בסלובקיה הרי הטטרה,סלובקיה,,https://drive.google.com/thumbnail?id=1lraiJ-ll34As0arwxTDdeuI84tY3LaLg&sz=w600,https://amitphotos.com,FALSE
1zEdwwkBZymZDz0Ox08whcH7AIMza3fmo,יער ירוק בסלובקיה,סלובקיה,שביל יער צפוף עם אור שמש זהוב וגזעים נפלים על הקרקע,https://drive.google.com/thumbnail?id=1zEdwwkBZymZDz0Ox08whcH7AIMza3fmo&sz=w600,https://amitphotos.com,FALSE
1FffSq1Efh0FGtGtspYnkXmfHE0T_bwEf,בית ורוד בסלובקיה,סלובקיה,דלת עתיקה וחלון על קיר ורוד עם סימני בלאי של שנים,https://drive.google.com/thumbnail?id=1FffSq1Efh0FGtGtspYnkXmfHE0T_bwEf&sz=w600,https://amitphotos.com,FALSE
1QmWH16e2CsXg9vCf8AGlOQynd2OUY01A,חזיתות פראג,צכיה,,https://drive.google.com/thumbnail?id=1QmWH16e2CsXg9vCf8AGlOQynd2OUY01A&sz=w600,https://amitphotos.com,FALSE
1ZA_dDv5o1IIU3HCsjn-z5uTl9pMP_loB,פסל ושעון,צכיה,,https://drive.google.com/thumbnail?id=1ZA_dDv5o1IIU3HCsjn-z5uTl9pMP_loB&sz=w600,https://amitphotos.com,FALSE
1RZovqk9ivjEcC0x-TDDL7fyoKzPbYCBD,שחר על גשר קארלוב,צכיה,,https://drive.google.com/thumbnail?id=1RZovqk9ivjEcC0x-TDDL7fyoKzPbYCBD&sz=w600,https://amitphotos.com,FALSE
1eOIDRz1hUQa8ZU2jTlmroTIgtg1twdh6,צלליות שקיעה,צכיה,,https://drive.google.com/thumbnail?id=1eOIDRz1hUQa8ZU2jTlmroTIgtg1twdh6&sz=w600,https://amitphotos.com,FALSE
13e4_-dZYmpJ6IzKA-LYSKyC1GW2xUMlw,אור בקצה המנהרה,צכיה,,https://drive.google.com/thumbnail?id=13e4_-dZYmpJ6IzKA-LYSKyC1GW2xUMlw&sz=w600,https://amitphotos.com,FALSE
1yyoxGxrH43m_n1Zs-4vY5SjpyhUcWkth,דייג בודד,צכיה,,https://drive.google.com/thumbnail?id=1yyoxGxrH43m_n1Zs-4vY5SjpyhUcWkth&sz=w600,https://amitphotos.com,FALSE
1Isx2nOOojjOZ8WFnG8l94a3ZiSykyJ5-,מזרקת העיר,צכיה,,https://drive.google.com/thumbnail?id=1Isx2nOOojjOZ8WFnG8l94a3ZiSykyJ5-&sz=w600,https://amitphotos.com,FALSE
1BMopuR06xvtl85U0SUFS3I_hJtt0sRFj,סמטה צבעונית,צכיה,,https://drive.google.com/thumbnail?id=1BMopuR06xvtl85U0SUFS3I_hJtt0sRFj&sz=w600,https://amitphotos.com,FALSE
1qgcuYmnA3LEYpCHoY1FnpykPbOgMMgDJ,גלגל תבן,צכיה,,https://drive.google.com/thumbnail?id=1qgcuYmnA3LEYpCHoY1FnpykPbOgMMgDJ&sz=w600,https://amitphotos.com,FALSE
1cjNhaJ1rr2rbnbsHJBVw8Rr7nxnEJhV9,מגדל בשקיעה,צכיה,,https://drive.google.com/thumbnail?id=1cjNhaJ1rr2rbnbsHJBVw8Rr7nxnEJhV9&sz=w600,https://amitphotos.com,FALSE
15t5id-f_ULlYV3YQA6iAf5YShDMJcMyz,עיר בתוך המים,צכיה,,https://drive.google.com/thumbnail?id=15t5id-f_ULlYV3YQA6iAf5YShDMJcMyz&sz=w600,https://amitphotos.com,FALSE
1QfirjVJnizNRTYdxqEqLTxiVN8uirsXJ,עגינה לפני הסערה,צכיה,,https://drive.google.com/thumbnail?id=1QfirjVJnizNRTYdxqEqLTxiVN8uirsXJ&sz=w600,https://amitphotos.com,FALSE
1TO9Zqce6xzSvFCThwTOxKo-CBA-lizu7,שער הטירה,צכיה,,https://drive.google.com/thumbnail?id=1TO9Zqce6xzSvFCThwTOxKo-CBA-lizu7&sz=w600,https://amitphotos.com,FALSE
1lRbbVKKtIb2ZB-3UCDu3g0Idk1xaavs_,חצר הטירה,צכיה,,https://drive.google.com/thumbnail?id=1lRbbVKKtIb2ZB-3UCDu3g0Idk1xaavs_&sz=w600,https://amitphotos.com,FALSE
1dEnlhyIGafN2XRJsX15pTYIOplyEnbmW,שמים מבעד לחלון,צכיה,,https://drive.google.com/thumbnail?id=1dEnlhyIGafN2XRJsX15pTYIOplyEnbmW&sz=w600,https://amitphotos.com,FALSE
1y6iG3IiFk0GlsCUsBZsepI4Np7JEFH0O,לוחם קרנבל,פורטרטים,,https://drive.google.com/thumbnail?id=1y6iG3IiFk0GlsCUsBZsepI4Np7JEFH0O&sz=w600,https://amitphotos.com,FALSE
1zRydz-feBGM0nA4GVqS2xlblOyfmEYT0,ליצנית חייכנית,פורטרטים,,https://drive.google.com/thumbnail?id=1zRydz-feBGM0nA4GVqS2xlblOyfmEYT0&sz=w600,https://amitphotos.com,FALSE
1qS2yrWz66Xt2XQtmxjLbi30BBFrqGXB1,מבט דרך זכוכית מגדלת,פורטרטים,,https://drive.google.com/thumbnail?id=1qS2yrWz66Xt2XQtmxjLbi30BBFrqGXB1&sz=w600,https://amitphotos.com,FALSE
15vSnXub3qWplVF87Yw7YGpEXrOh5KHj_,נקודות צהוב שחור,פורטרטים,,https://drive.google.com/thumbnail?id=15vSnXub3qWplVF87Yw7YGpEXrOh5KHj_&sz=w600,https://amitphotos.com,FALSE
1jStHSSDQG3tC32p6zLS94bT7fi7j2BrA,פרצוף ג'וקר,פורטרטים,,https://drive.google.com/thumbnail?id=1jStHSSDQG3tC32p6zLS94bT7fi7j2BrA&sz=w600,https://amitphotos.com,FALSE
100AYpaK0jeKjH_qzGfF6jNPd7katXEZR,ציור חי,פורטרטים,,https://drive.google.com/thumbnail?id=100AYpaK0jeKjH_qzGfF6jNPd7katXEZR&sz=w600,https://amitphotos.com,FALSE
1JFmSumQcXYhX4flmCGZbWXeO5bgIUU8-,זקן הקסמים,פורטרטים,,https://drive.google.com/thumbnail?id=1JFmSumQcXYhX4flmCGZbWXeO5bgIUU8-&sz=w600,https://amitphotos.com,FALSE
1O6AzQfr_Av8rOsdRffwNBvumKBGugOQF,שמחת פורים,פורטרטים,,https://drive.google.com/thumbnail?id=1O6AzQfr_Av8rOsdRffwNBvumKBGugOQF&sz=w600,https://amitphotos.com,FALSE
15h8IlkqnlorfEseEFBHjNikOSgMvsCQ_,חמניות צהובות,פרחים וצמחים,,https://drive.google.com/thumbnail?id=15h8IlkqnlorfEseEFBHjNikOSgMvsCQ_&sz=w600,https://amitphotos.com,FALSE
14dXkH2hZxQMYqIh6v5i91YmbM3Xf9b5l,עלים ירוקים בחושך,פרחים וצמחים,,https://drive.google.com/thumbnail?id=14dXkH2hZxQMYqIh6v5i91YmbM3Xf9b5l&sz=w600,https://amitphotos.com,FALSE
1R3Lv_smqPJSptwBwlDNsnn59fijMhPW4,פרח לבן עדין,פרחים וצמחים,,https://drive.google.com/thumbnail?id=1R3Lv_smqPJSptwBwlDNsnn59fijMhPW4&sz=w600,https://amitphotos.com,FALSE
1B3uddNdrCbRL_ldEWMJcUVe1L4A3f42E,כתר הציקלמן,פרחים וצמחים,פרח ציקלמן ורוד עם עלים מתפתלים על רקע שחור,https://drive.google.com/thumbnail?id=1B3uddNdrCbRL_ldEWMJcUVe1L4A3f42E&sz=w600,https://amitphotos.com,FALSE
1T1ysYl7OBegcFnpAHThQqZX8-nV6_0oR,ורדה ורודה בתפתחות,פרחים וצמחים,ורדה ורודה עדינה בתפתחות מלאה עם עלי כותרת משיריים,https://drive.google.com/thumbnail?id=1T1ysYl7OBegcFnpAHThQqZX8-nV6_0oR&sz=w600,https://amitphotos.com,FALSE
1glcm3u0LLLWC4sw-r8GgsnIyMYgGT3L_,פרח אדום עדין,פרחים וצמחים,פרח אדום בעדינות על רקע טבעי מטושטש וירוק,https://drive.google.com/thumbnail?id=1glcm3u0LLLWC4sw-r8GgsnIyMYgGT3L_&sz=w600,https://amitphotos.com,FALSE
1_IZewWsa8jDUNLATxFo5i7rZEyUakKm6,פריחת אביב צילום מאקרו תקריב,פרחים וצמחים,,https://drive.google.com/thumbnail?id=1_IZewWsa8jDUNLATxFo5i7rZEyUakKm6&sz=w600,https://amitphotos.com,FALSE
1A8y2S1s8pDnIzK0lbW6NpxJS5plJcYzJ,פרח אדום בשמש,פרחים וצמחים,פרח אדום זוהר עם אור שמש חודר דרך עלי הכותרת,https://drive.google.com/thumbnail?id=1A8y2S1s8pDnIzK0lbW6NpxJS5plJcYzJ&sz=w600,https://amitphotos.com,FALSE
1UHAnI17wVt8l6w6tNGjcxBPKoMGFchos,עלים ירוקים בתאורת שמש,פרחים וצמחים,"עלים ירוקים בהירים מוארים מאחור, מציגים מבנה ורידי עדין ודקיק",https://drive.google.com/thumbnail?id=1UHAnI17wVt8l6w6tNGjcxBPKoMGFchos&sz=w600,https://amitphotos.com,FALSE
1Z-qtX5WfnR8N7tWtgSLLx4uBWQUIm_wf,פרחים ורודים עדינים,פרחים וצמחים,אשכול פרחים ורודים בעלי עלי כ萼חמש בצבע עדין על רקע ירוק מטושטש,https://drive.google.com/thumbnail?id=1Z-qtX5WfnR8N7tWtgSLLx4uBWQUIm_wf&sz=w600,https://amitphotos.com,FALSE
1heVuuhd-zNbofmd1jqmB_mkJmdxEY_pf,פרחים סגולים עדינים,פרחים וצמחים,אוסף של פרחים סגולים וורודים עם עלי כותרת עדינים ולב צהוב,https://drive.google.com/thumbnail?id=1heVuuhd-zNbofmd1jqmB_mkJmdxEY_pf&sz=w600,https://amitphotos.com,FALSE
1JK0T5D9bSH3ZJJ0_HMWAWVa6bUi-BoaG,ורד ורוד מלא,פרחים וצמחים,פרח ורד עדין בגוון ורוד בהיר עם עלי כותרת שכבתיים,https://drive.google.com/thumbnail?id=1JK0T5D9bSH3ZJJ0_HMWAWVa6bUi-BoaG&sz=w600,https://amitphotos.com,FALSE
1hz0djJ0vvaJn81qutGPOsos4LTs1Ysx8,אנמונה סגולה על אדום,פרחים וצמחים,פרח אנמונה בגוני סגול וכחול על רקע אדום עוז,https://drive.google.com/thumbnail?id=1hz0djJ0vvaJn81qutGPOsos4LTs1Ysx8&sz=w600,https://amitphotos.com,FALSE
101p4QYL3gWSjMG-vtvTaCjCsF2GNpYoK,פרח ירוק מואר,פרחים וצמחים,"פרח ירוק עם עלי כותרת משובחים, מוקף בתאורה חמה מלפנים",https://drive.google.com/thumbnail?id=101p4QYL3gWSjMG-vtvTaCjCsF2GNpYoK&sz=w600,https://amitphotos.com,FALSE
1r_VnEdgHtk5mswJRNcQFXX6q8ulb8GbB,חמנייה בתפרחת מלאה,פרחים וצמחים,פרח חמנייה צהוב זוהר עם פרחוני הדיסק בפוקוס מושלם,https://drive.google.com/thumbnail?id=1r_VnEdgHtk5mswJRNcQFXX6q8ulb8GbB&sz=w600,https://amitphotos.com,FALSE
1F3Mqm_32vZ1IzS2W73VxFvDUgMpdNlRX,חמנייה על רקע כחול,פרחים וצמחים,פרח חמנייה צהוב בוהק על רקע שמיים כחול צלול,https://drive.google.com/thumbnail?id=1F3Mqm_32vZ1IzS2W73VxFvDUgMpdNlRX&sz=w600,https://amitphotos.com,FALSE
1utEEIbAWMpJ2zgwXH5WkUEiQcAklsDgr,חמנייה בשדה צהוב,פרחים וצמחים,חמנייה בודדה בוהקת מול רקע של שדה פורח תחת שמיים כחולים,https://drive.google.com/thumbnail?id=1utEEIbAWMpJ2zgwXH5WkUEiQcAklsDgr&sz=w600,https://amitphotos.com,FALSE
1bBx1W0YjlrkW8mPhXcgrTyu5LipA1aRW,פרחי דill בשמש,פרחים וצמחים,ענפי דill ירוקים עם פרחים צהובים על רקע שמיים כחולים,https://drive.google.com/thumbnail?id=1bBx1W0YjlrkW8mPhXcgrTyu5LipA1aRW&sz=w600,https://amitphotos.com,FALSE
1O51BSknGAdKbwmMqj_7_V54OFmRhLEjJ,פרח צהוב בהדר,פרחים וצמחים,פרח צהוב עדין על רקע טבעי מטושטש עם עלים ירוקים,https://drive.google.com/thumbnail?id=1O51BSknGAdKbwmMqj_7_V54OFmRhLEjJ&sz=w600,https://amitphotos.com,FALSE
1_XRUpQJywTayw2BqOYcGZFxPxvny52Hx,אורחים,פרחים וצמחים,,https://drive.google.com/thumbnail?id=1_XRUpQJywTayw2BqOYcGZFxPxvny52Hx&sz=w600,https://amitphotos.com,FALSE
1zupqb8Pn3m5timQeu4yweQsALEcg52Am,מגע,פרחים וצמחים,,https://drive.google.com/thumbnail?id=1zupqb8Pn3m5timQeu4yweQsALEcg52Am&sz=w600,https://amitphotos.com,FALSE
1gluRqx-0OMZNnU-NcepCezxMn4d0OoHX,נטפי בוקר,פרחים וצמחים,,https://drive.google.com/thumbnail?id=1gluRqx-0OMZNnU-NcepCezxMn4d0OoHX&sz=w600,https://amitphotos.com,FALSE
1kWZO1rkQHY_NGlT68-exrPm2UCBDlerd,עיניים גדולות,פרחים וצמחים,,https://drive.google.com/thumbnail?id=1kWZO1rkQHY_NGlT68-exrPm2UCBDlerd&sz=w600,https://amitphotos.com,FALSE
1HzQTuShfHFp4kc_CX88gH0u_RbWyPoem,עולם אחר,פרחים וצמחים,,https://drive.google.com/thumbnail?id=1HzQTuShfHFp4kc_CX88gH0u_RbWyPoem&sz=w600,https://amitphotos.com,FALSE
1IKN9iMton4KCv6Hd95P6Jzat_UJ8enwP,קנה מידה אחר,פרחים וצמחים,,https://drive.google.com/thumbnail?id=1IKN9iMton4KCv6Hd95P6Jzat_UJ8enwP&sz=w600,https://amitphotos.com,FALSE
1kSeTTgA6_paqmajQwzko7rz_N1MkRlGK,עיני חרק,פרחים וצמחים,,https://drive.google.com/thumbnail?id=1kSeTTgA6_paqmajQwzko7rz_N1MkRlGK&sz=w600,https://amitphotos.com,FALSE
1ywazk9jJpymO8e5HzLBMkCCWAsgiHGMZ,דרדר סגול בודד,פרחים וצמחים,פרח דרדר סגול על קנה ירוק על רקע טבעי מטושטש,https://drive.google.com/thumbnail?id=1ywazk9jJpymO8e5HzLBMkCCWAsgiHGMZ&sz=w600,https://amitphotos.com,FALSE
1w6kUvKc5OAlZAVgwmbE-kxTE0KUzTfvB,פרח בר צילום מאקרו טבע,פרחים וצמחים,,https://drive.google.com/thumbnail?id=1w6kUvKc5OAlZAVgwmbE-kxTE0KUzTfvB&sz=w600,https://amitphotos.com,FALSE
1LjG0BlIz52uvjeXZVVWg8ww4lQgifpAI,פרח ורוד בעדינות,פרחים וצמחים,פרח ורוד עם עלים דקיקים על רקע מטושטש וכחול,https://drive.google.com/thumbnail?id=1LjG0BlIz52uvjeXZVVWg8ww4lQgifpAI&sz=w600,https://amitphotos.com,FALSE
1yWJqBqlMSiE7F5oee354pYsvUgYX2HOk,פרח וקסום בורגונדי,פרחים וצמחים,פרח בעל עלי כותרת ורודים עם פתח מרכזי בורגונדי עמוק,https://drive.google.com/thumbnail?id=1yWJqBqlMSiE7F5oee354pYsvUgYX2HOk&sz=w600,https://amitphotos.com,FALSE
1EuRqwjvmu0VyTJOxniz0JjhjtyrjvZZr,פרחי לילך סגולים,פרחים וצמחים,אשכול פרחי לילך בוורוד סגול עמוק בפוקוס קרוב,https://drive.google.com/thumbnail?id=1EuRqwjvmu0VyTJOxniz0JjhjtyrjvZZr&sz=w600,https://amitphotos.com,FALSE
1foMx3KXghHVjGnWirDuk1bI8aX5TWVf3,סחלב ורוד זוהר,פרחים וצמחים,"פרח סחלב בגוון ורוד עדין עם לב עמוק, תאורת שמש טבעית",https://drive.google.com/thumbnail?id=1foMx3KXghHVjGnWirDuk1bI8aX5TWVf3&sz=w600,https://amitphotos.com,FALSE
1oqNW9C1s7P014P66F3GsmlntZRchV8gL,אורכידאות לבנות עדינות,פרחים וצמחים,פרחי אורכידאה לבנים עם לב צהוב בתאורה רכה וטבעית,https://drive.google.com/thumbnail?id=1oqNW9C1s7P014P66F3GsmlntZRchV8gL&sz=w600,https://amitphotos.com,FALSE
17SuzI9UwZUmhtJp4PfGDW2jemWbc0xK_,פרחי אורכידיאה לבנים,פרחים וצמחים,פרח אורכידיאה לבן עם פסים סגולים בהירים ודקים,https://drive.google.com/thumbnail?id=17SuzI9UwZUmhtJp4PfGDW2jemWbc0xK_&sz=w600,https://amitphotos.com,FALSE
1TZRbWTabXrbCpUqXJc-EfFLsUaA4XXT-,עלים ירוקים בשמש,פרחים וצמחים,ענפים עדינים עם עלים ירוקים זוהרים בקרני האור הטבעי,https://drive.google.com/thumbnail?id=1TZRbWTabXrbCpUqXJc-EfFLsUaA4XXT-&sz=w600,https://amitphotos.com,FALSE
1Zpb1brFjrBGYnT0-dNx289Ola3kx6FrI,אנתוריום אדום עוצמתי,פרחים וצמחים,פרח אנתוריום אדום בוהק עם אבקן ירוק על רקע כהה,https://drive.google.com/thumbnail?id=1Zpb1brFjrBGYnT0-dNx289Ola3kx6FrI&sz=w600,https://amitphotos.com,FALSE
1D7F-UDEoPqZFWujHMPcIzNQPlzJHEijf,פרח בגוונים סגולים,פרחים וצמחים,פרח עדין בעל עלי כותרת סגולים וצהובים בעדינות מתגלגלים,https://drive.google.com/thumbnail?id=1D7F-UDEoPqZFWujHMPcIzNQPlzJHEijf&sz=w600,https://amitphotos.com,FALSE
1WsDtgO0Tb0s5_mMjQHedTsqdY08T5lGg,פרח בגוונים סגולים,פרחים וצמחים,פרח עדין בעלי עלי כותרת סגולים ולבנים עם שושנת צהובה במרכזו,https://drive.google.com/thumbnail?id=1WsDtgO0Tb0s5_mMjQHedTsqdY08T5lGg&sz=w600,https://amitphotos.com,FALSE
1g9b703RhSdonj-wADDYevbzEY0gF6jTX,סחלב צהוב עדין,פרחים וצמחים,סחלב צהוב עם גרעין סגול נושף בעדינות על הענף,https://drive.google.com/thumbnail?id=1g9b703RhSdonj-wADDYevbzEY0gF6jTX&sz=w600,https://amitphotos.com,FALSE
1FPEE1GSfd0YFtKob7cIcUAAL6jx6O8L_,סחלב לבן עדין,פרחים וצמחים,פרח סחלב לבן עם אבקני אבקה צהובים וגדילים עדינים,https://drive.google.com/thumbnail?id=1FPEE1GSfd0YFtKob7cIcUAAL6jx6O8L_&sz=w600,https://amitphotos.com,FALSE
1dgj0v5OkiTy5XzNiwzngCBiH2crLrMla,פרחי פוקסגלוב סגולים,פרחים וצמחים,פרחים סגולים עדינים תלויים על גבעול ירוק עם טל על עלים,https://drive.google.com/thumbnail?id=1dgj0v5OkiTy5XzNiwzngCBiH2crLrMla&sz=w600,https://amitphotos.com,FALSE
1ZgvZFQ5APlGXKzwrLMe4g7xAA-qPTZ5z,פרחי סחלב סגולים,פרחים וצמחים,פרחי סחלב סגולים עם פרחים משניים בטשטוש ירוק,https://drive.google.com/thumbnail?id=1ZgvZFQ5APlGXKzwrLMe4g7xAA-qPTZ5z&sz=w600,https://amitphotos.com,FALSE
1W8-F5AawLNWCzmCszaZX_YDp0A2oyn34,פרחי אורכידאה לבנים,פרחים וצמחים,פרחי אורכידאה לבנים עם קשתות צהובות וניצנים ירוקים,https://drive.google.com/thumbnail?id=1W8-F5AawLNWCzmCszaZX_YDp0A2oyn34&sz=w600,https://amitphotos.com,FALSE
118RM_kkpXjvAFKP51Wf4VrBMre5vOki4,פרחי אורכידיה צהובה,פרחים וצמחים,אורכידיה צהובה עם פרחים פתוחים על רקע כהה וטבעי,https://drive.google.com/thumbnail?id=118RM_kkpXjvAFKP51Wf4VrBMre5vOki4&sz=w600,https://amitphotos.com,FALSE
1zOwofy1H65KuCYXlDMJEDRVgKlwVycAZ,פרחי קלנדולה כתומים,פרחים וצמחים,אשכול פרחים כתומים עם לבבות צהובים בוהקים בשמש,https://drive.google.com/thumbnail?id=1zOwofy1H65KuCYXlDMJEDRVgKlwVycAZ&sz=w600,https://amitphotos.com,FALSE
1-iqxlYN773fYnouAo4H6C4MSrWGWRFZc,חמנייה בשדה,פרחים וצמחים,פרח חמנייה צהוב בשיא פריחתו מול שמיים כחולים,https://drive.google.com/thumbnail?id=1-iqxlYN773fYnouAo4H6C4MSrWGWRFZc&sz=w600,https://amitphotos.com,FALSE
1-JFHR1mY8XRbwjgyKnPT_bNfx9Ki6pPm,זרע דנדליון בעדינות,פרחים וצמחים,זרע דנדליון בודד על רקע ירוק מטושטש בתאורה רכה,https://drive.google.com/thumbnail?id=1-JFHR1mY8XRbwjgyKnPT_bNfx9Ki6pPm&sz=w600,https://amitphotos.com,FALSE
1QypvXLHHP8rDUHQ6EqD1MeR-WUhc7faY,סוקולנט ירוק בעלי טבעת,פרחים וצמחים,צמח סוקולנט בעל עלים בצורת רוזטה בגוונים ירוקים עדינים,https://drive.google.com/thumbnail?id=1QypvXLHHP8rDUHQ6EqD1MeR-WUhc7faY&sz=w600,https://amitphotos.com,FALSE
1XNy3wMrU-T3WL2F1Fz7yUb1sJ6ksvoE-,דייזי סגול וחלום,פרחים וצמחים,פרח דייזי לבן עם קשתות סגולות ובוטון כחול כהה על רקע ירוק מטושטש,https://drive.google.com/thumbnail?id=1XNy3wMrU-T3WL2F1Fz7yUb1sJ6ksvoE-&sz=w600,https://amitphotos.com,FALSE
1qil2hRqCyyh6PAvlIMymboMnFp56rOcK,נרקיסים לבנים וצהובים,פרחים וצמחים,פרחי נרקיס בעלי עלים לבנים וגביע צהוב זוהר,https://drive.google.com/thumbnail?id=1qil2hRqCyyh6PAvlIMymboMnFp56rOcK&sz=w600,https://amitphotos.com,FALSE
1Oj4LIdYrQU-KR9aPCVLFsTnhBJnPdh8U,פרח כחול עדין,פרחים וצמחים,פרח בגוון סגול עמוק על רקע ירוק מעומעם,https://drive.google.com/thumbnail?id=1Oj4LIdYrQU-KR9aPCVLFsTnhBJnPdh8U&sz=w600,https://amitphotos.com,FALSE
11S3_-5DsrJxf2UfW7IpBzV1RHw9pb_Br,פעמון כחול עדין,פרחים וצמחים,פרח פעמון סגול עמוק מפורח על רקע צהוב רך,https://drive.google.com/thumbnail?id=11S3_-5DsrJxf2UfW7IpBzV1RHw9pb_Br&sz=w600,https://amitphotos.com,FALSE
1pp9jL6s0w6kjknl5kla09hCqUg-dQ3Tt,ניצן אדום בהתפתחות,פרחים וצמחים,ניצן פרח אדום עם עלים ירוקים שעומד להתפתח על רקע טבעי מטושטש,https://drive.google.com/thumbnail?id=1pp9jL6s0w6kjknl5kla09hCqUg-dQ3Tt&sz=w600,https://amitphotos.com,FALSE
1p8Cc-Ep8K3DLs5-8_TiKZaVlgsrHKxmy,לב הפרח,פרחים וצמחים,,https://drive.google.com/thumbnail?id=1p8Cc-Ep8K3DLs5-8_TiKZaVlgsrHKxmy&sz=w600,https://amitphotos.com,FALSE
1GnxpRoCS5LirQ8mLT7YLEMqKxNldXTZn,אשכולות,פרחים וצמחים,,https://drive.google.com/thumbnail?id=1GnxpRoCS5LirQ8mLT7YLEMqKxNldXTZn&sz=w600,https://amitphotos.com,FALSE
1hsdrGoRp-cnxnkhV0t5JyBxKZpvxxJ5B,ביצת חרק,פרחים וצמחים,,https://drive.google.com/thumbnail?id=1hsdrGoRp-cnxnkhV0t5JyBxKZpvxxJ5B&sz=w600,https://amitphotos.com,FALSE
1SJeu7flTIkmy_3fxFAsujh1eC5FPr2yq,אשכולות אדומים,פרחים וצמחים,,https://drive.google.com/thumbnail?id=1SJeu7flTIkmy_3fxFAsujh1eC5FPr2yq&sz=w600,https://amitphotos.com,FALSE
1ZZcSp_kHfqhkoJS4or3hKEssAhuwg49d,ניצן סגול,פרחים וצמחים,,https://drive.google.com/thumbnail?id=1ZZcSp_kHfqhkoJS4or3hKEssAhuwg49d&sz=w600,https://amitphotos.com,FALSE
1Sq3RncvzHkqHMdDfX151-XqfxFL7KJEH,ניצן פרח עדין צילום טבע מאקרו,פרחים וצמחים,,https://drive.google.com/thumbnail?id=1Sq3RncvzHkqHMdDfX151-XqfxFL7KJEH&sz=w600,https://amitphotos.com,FALSE
1uLGoiQB0E6fzEynhPBJ3YkAM7Cq0lVYr,פרח ורוד על עלים ירוקים,פרחים וצמחים,אשכול פרחים ורודים בוהקים על רקע עלים מפוספסים בירוק,https://drive.google.com/thumbnail?id=1uLGoiQB0E6fzEynhPBJ3YkAM7Cq0lVYr&sz=w600,https://amitphotos.com,FALSE
1m-H52tW1jcxbamcmCjFWuI-zRGhJJxDn,פרח ורוד עם סוגר ירוק,פרחים וצמחים,קרוב-אפ של פרח ורוד בוהק עם עלי כותרת ירוקים בעלי טל בוקר,https://drive.google.com/thumbnail?id=1m-H52tW1jcxbamcmCjFWuI-zRGhJJxDn&sz=w600,https://amitphotos.com,FALSE
1980pro99hL69jyuLJEGw0fq8STDetDmY,פרח סגול עם טללים,פרחים וצמחים,פרח בגוון סגול עמוק עם טללי בוקר על עלקות דקיקות,https://drive.google.com/thumbnail?id=1980pro99hL69jyuLJEGw0fq8STDetDmY&sz=w600,https://amitphotos.com,FALSE
1MW9XKOyKEsV627l8G7FHaSw6_LGUoqo_,תחרה לבנה של הטבע,פרחים וצמחים,פרח דלול בעלי תוספות דקיקות לבנות וירוקות מעוטרות,https://drive.google.com/thumbnail?id=1MW9XKOyKEsV627l8G7FHaSw6_LGUoqo_&sz=w600,https://amitphotos.com,FALSE
18g1PblF8G72MpzgAfBZNnyx5k-mEplag,קוצים בשיבולת,פרחים וצמחים,פרח קוצני בשלבי בשלות עם עלי כוללים ירוקים על גבעול,https://drive.google.com/thumbnail?id=18g1PblF8G72MpzgAfBZNnyx5k-mEplag&sz=w600,https://amitphotos.com,FALSE
16M8xBlYPOkOdxRhbTYgDnEO-YYJA8SZX,פרח כתום בודד,פרחים וצמחים,פרח כתום עדין עם עלי ירוקים על רקע טבעי מטושטש,https://drive.google.com/thumbnail?id=16M8xBlYPOkOdxRhbTYgDnEO-YYJA8SZX&sz=w600,https://amitphotos.com,FALSE
1AuT3n7Ykq3ZF9FM-GNjLbSJ50NWdGsGM,קוצן לבן בחושך,פרחים וצמחים,פרח קוצני לבן עם עלים ירוקים חדים על רקע אפל,https://drive.google.com/thumbnail?id=1AuT3n7Ykq3ZF9FM-GNjLbSJ50NWdGsGM&sz=w600,https://amitphotos.com,FALSE
12fEjoqIEq7EP5wShazViF5JdcDNsCQyG,ספירלת ירוקה של החיים,פרחים וצמחים,ענף עם ניצניצים ירוקים מסודרים בסדר ספירלי על גבע סגול,https://drive.google.com/thumbnail?id=12fEjoqIEq7EP5wShazViF5JdcDNsCQyG&sz=w600,https://amitphotos.com,FALSE
1qzyKie4Igl-ln3V-DjqQzKSWVlzZXM0b,חיפושית על חיננית,פרחים וצמחים,חיפושית אדומה על פרח חיננית לבן עם עלקות צהובות,https://drive.google.com/thumbnail?id=1qzyKie4Igl-ln3V-DjqQzKSWVlzZXM0b&sz=w600,https://amitphotos.com,FALSE
1scG81LoWFkCf-mJ1ycF5lTvX-2qg1HMm,גרברה סגולה בין צהובות,פרחים וצמחים,פרח גרברה סגול עוצמתי בודד בין פרחים צהובים מטושטשים,https://drive.google.com/thumbnail?id=1scG81LoWFkCf-mJ1ycF5lTvX-2qg1HMm&sz=w600,https://amitphotos.com,FALSE
11kAItcnIw7H_GGmyA1AUsyfIKsBVBugq,פרחי ליליק סגולים,פרחים וצמחים,אשכול צפוף של פרחי ליליק סגולים עדינים על רקע ירוק מטושטש,https://drive.google.com/thumbnail?id=11kAItcnIw7H_GGmyA1AUsyfIKsBVBugq&sz=w600,https://amitphotos.com,FALSE
1O-biotFOnn_alqxevn2m0TtkWbviW2Hw,לב אדום על גדר,צילום מופשט,נעילת לב אדום על גדר תיל ירוקה כסימן אהבה ותקווה,https://drive.google.com/thumbnail?id=1O-biotFOnn_alqxevn2m0TtkWbviW2Hw&sz=w600,https://amitphotos.com,FALSE
1o4AFxDQKI4qb9oMdxBCNfCWOMm6icu1o,גיאומטריה דיגיטלית כחולה,צילום מופשט,מופשטות של צורות גיאומטריות וקווים המחוברים בטונים כחולים וטורקיז,https://drive.google.com/thumbnail?id=1o4AFxDQKI4qb9oMdxBCNfCWOMm6icu1o&sz=w600,https://amitphotos.com,FALSE
1gk7ghTSA_HcFvgDg3fsO6E-ZUcbVgQWY,אורות נאון כחולים וירוקים,צילום מופשט,"צילום אבסטרקטי של צינורות נאון זוהרים בצבעים כחול, ירוק ולבן על רקע כהה.",https://drive.google.com/thumbnail?id=1gk7ghTSA_HcFvgDg3fsO6E-ZUcbVgQWY&sz=w600,https://amitphotos.com,FALSE
1JwYa8GeoKrQY0m39VBCrqRDe9bgtx2iA,סערת צבעים מופשטת,צילום מופשט,צינורות נאון כחולים בעיצוב ספירלי עם אור חם במרכז,https://drive.google.com/thumbnail?id=1JwYa8GeoKrQY0m39VBCrqRDe9bgtx2iA&sz=w600,https://amitphotos.com,FALSE
1QS-lkXmxbF9PJzU-s2P2373jKIX8Vdpf,כדורים בתנועה,צילום מופשט,מערך של כדורים כחולים בגדלים שונים על רקע שחור,https://drive.google.com/thumbnail?id=1QS-lkXmxbF9PJzU-s2P2373jKIX8Vdpf&sz=w600,https://amitphotos.com,FALSE
1iCWLjcS_uBoMPkO3J2LSRpY1Fi192T6A,טקסטורה של קוקטוס,צילום מופשט,זיפי קוקטוס בעלי כיסוי קרחוני יוצרים דוגמה גיאומטרית מופשטת,https://drive.google.com/thumbnail?id=1iCWLjcS_uBoMPkO3J2LSRpY1Fi192T6A&sz=w600,https://amitphotos.com,FALSE
1TnVzi2L8ZLCBh0c_NMRf6MCipgw-oDsG,כוסות כחול וזהב,צילום מופשט,סידור מופשט של כוסות צבעוניות בכחול וזהב עם השתקפויות אור,https://drive.google.com/thumbnail?id=1TnVzi2L8ZLCBh0c_NMRf6MCipgw-oDsG&sz=w600,https://amitphotos.com,FALSE
1QDuFcuGl-MMn8bbzdNSZQLj8iXTEc2Ox,קשיות צבע בהדרגה,צילום מופשט,מבנה גיאומטרי של קשיות צבעוניות במעבר חלק בין צהוב לירוק וורוד,https://drive.google.com/thumbnail?id=1QDuFcuGl-MMn8bbzdNSZQLj8iXTEc2Ox&sz=w600,https://amitphotos.com,FALSE
193ChTPGZ2eYwTeL634t5nz_QMnd02xeK,מופשטות בצבעים חמים,צילום מופשט,קומפוזיציה אבסטרקטית של עיגולים צבעוניים בגרדיינט חם מזהב עד ורוד,https://drive.google.com/thumbnail?id=193ChTPGZ2eYwTeL634t5nz_QMnd02xeK&sz=w600,https://amitphotos.com,FALSE
1ampVjADrXXRaQvJkTuwnwKro1a0w9P2L,טקסטורת לחות יבשה,צילום מופשט,טקסטורה מופשטת של אבן וטחב בגוונים אפורים ולבנים,https://drive.google.com/thumbnail?id=1ampVjADrXXRaQvJkTuwnwKro1a0w9P2L&sz=w600,https://amitphotos.com,FALSE
1rS4FzYkwKAlpUxInIkv7dcw_em72fpP2,ורד ורוד עדין,צילום מופשט,תמונת מקרוב של ורד ורוד בעלי עלי כותרת רכים ומעוקלים,https://drive.google.com/thumbnail?id=1rS4FzYkwKAlpUxInIkv7dcw_em72fpP2&sz=w600,https://amitphotos.com,FALSE
1hxahzabb1AHEAXyYO-Z8oKqFwvDZuol6,דנדליון בהתפרקות,צילום מופשט,פרח הנשיאה בשלב התפרקות עם זרעים בעלי כנפיים עדינות,https://drive.google.com/thumbnail?id=1hxahzabb1AHEAXyYO-Z8oKqFwvDZuol6&sz=w600,https://amitphotos.com,FALSE
11CB5ZK5gWbW1N3yxOggz07vMA4BkVeJg,סימטריה של הטבע,צילום מופשט,מבנה גיאומטרי מושלם של פרח דנדליון בעת הופכו לזרע,https://drive.google.com/thumbnail?id=11CB5ZK5gWbW1N3yxOggz07vMA4BkVeJg&sz=w600,https://amitphotos.com,FALSE
1nCBHHTe1uLLHJK5U6swTl5FLRmyapQob,פלטת צבעים זהובה,צילום מופשט,מקרוב של צבעי איפור במסגרות זהב מסודרות בשורות,https://drive.google.com/thumbnail?id=1nCBHHTe1uLLHJK5U6swTl5FLRmyapQob&sz=w600,https://amitphotos.com,FALSE
14qNCsr-QNn0MLc-abJRV_HcZD_AOFItY,פליטת הסתיו,צילום מופשט,"עלים צבעוניים בשלבי ניוול, משתנים מירוק לצהוב ואדום",https://drive.google.com/thumbnail?id=14qNCsr-QNn0MLc-abJRV_HcZD_AOFItY&sz=w600,https://amitphotos.com,FALSE
1jov8nfOezxvf0nz-Uq3aFTR6lCmk62S6,מינימליזם של זרעים,צילום מופשט,ארבע צנצנות זכוכית המכילות זרעים שונים על רקע חום אחיד,https://drive.google.com/thumbnail?id=1jov8nfOezxvf0nz-Uq3aFTR6lCmk62S6&sz=w600,https://amitphotos.com,FALSE
13-Vj1zwX1WiCAW0JXByc-7GS2aMSAkny,מקרוב תות שדה,צילום מופשט,צילום מקרוב של פני תות אדום עם טקסטורה עדינה על רקע ירוק מטושטש,https://drive.google.com/thumbnail?id=13-Vj1zwX1WiCAW0JXByc-7GS2aMSAkny&sz=w600,https://amitphotos.com,FALSE
1WZUI8vzx_VBpg6yfXb_mAth6guweU2JH,עדינות של טבע,צילום מופשט,מקרוב של זרעים עדינים בתאורה רכה ונעימה,https://drive.google.com/thumbnail?id=1WZUI8vzx_VBpg6yfXb_mAth6guweU2JH&sz=w600,https://amitphotos.com,FALSE
1uBai-6tPfU2lN0MBkcocyfXyNyXXeXd8,צילום מופשט תנועה ואור,צילום מופשט,,https://drive.google.com/thumbnail?id=1uBai-6tPfU2lN0MBkcocyfXyNyXXeXd8&sz=w600,https://amitphotos.com,FALSE
133-YvkHkjHupL7-a-ocHs6hTAlgCH6Am,סימטריה אדומה,צילום מופשט,דוגמה גיאומטרית סימטרית בצבע אדום עוז עם פרטים מקושתים,https://drive.google.com/thumbnail?id=133-YvkHkjHupL7-a-ocHs6hTAlgCH6Am&sz=w600,https://amitphotos.com,FALSE
1eAY-e_8t2KA_a4g0nrIus6aRFa4jIr4j,סלילי טל ירוקים,צילום מופשט,טיפות טל משתקפות על עלים מסולסלים בצבע ירוק עמוק,https://drive.google.com/thumbnail?id=1eAY-e_8t2KA_a4g0nrIus6aRFa4jIr4j&sz=w600,https://amitphotos.com,FALSE
1Q4-zZB-SnLz0Ei3tFkeTe62OPWuPvOaT,ספירלות ירוקות של טבע,צילום מופשט,צילום מקרוב של עלה מסולסל בגוונים ירוקים וזהובים עם עומק וטקסטורה,https://drive.google.com/thumbnail?id=1Q4-zZB-SnLz0Ei3tFkeTe62OPWuPvOaT&sz=w600,https://amitphotos.com,FALSE
1zElYUv45yfChIkkBhWiOxVsuQmParSrS,תחת הרשת הצהובה,צילום מופשט,סדף אדום חבוי בתוך רשת דיג צהובה עתיקה על הקרקע,https://drive.google.com/thumbnail?id=1zElYUv45yfChIkkBhWiOxVsuQmParSrS&sz=w600,https://amitphotos.com,FALSE
1-zHOPxA1O_SNYJQNgh7HpAqtm3RfDllT,עין הגג,צילום מופשט,חלון קשת בעדשת קרמיקה על רקע דלק אבן בעיצוב גיאומטרי,https://drive.google.com/thumbnail?id=1-zHOPxA1O_SNYJQNgh7HpAqtm3RfDllT&sz=w600,https://amitphotos.com,FALSE
1l1-rlJkl0l5xft9AdAkcgMzOYWkY0aqo,צבעים וטקסטורות מרובדות,צילום מופשט,הרכבה אבסטרקטית של חומרים צבעוניים וטקסטורות מורכבות בדגם חזותי עשיר,https://drive.google.com/thumbnail?id=1l1-rlJkl0l5xft9AdAkcgMzOYWkY0aqo&sz=w600,https://amitphotos.com,FALSE
12yC9WcIfq2liDpZXDh3_JK9RBaxZtj8G,צבעים וטקסטורות,צילום מופשט,קומפוזיציה אבסטרקטית של בדים צבעוניים ישנים עם טקסטורות עשירות,https://drive.google.com/thumbnail?id=12yC9WcIfq2liDpZXDh3_JK9RBaxZtj8G&sz=w600,https://amitphotos.com,FALSE
1-j_StuhGng1VrlBLZbOvttUqXF8BHj80,חרוזים צבעוניים זוהרים,צילום מופשט,אוסף חרוזים שקופים וצבעוניים עם אור רך ומנצנץ,https://drive.google.com/thumbnail?id=1-j_StuhGng1VrlBLZbOvttUqXF8BHj80&sz=w600,https://amitphotos.com,FALSE
1VapbJsV6ADUiXjyDwOFPMNnYqRS-5b4i,קווים ירוקים וקוצים,צילום מופשט,תבנית אבסטרקטית של גבעול כקטוס עם קוצים צפופים וקווים אנכיים,https://drive.google.com/thumbnail?id=1VapbJsV6ADUiXjyDwOFPMNnYqRS-5b4i&sz=w600,https://amitphotos.com,FALSE
1bCPZFc40QtK4loEsDEtNqvZ4-UtS7XMs,צבעים בתנועה,צילום מופשט,סדרה צבעונית של צורות חדות בגרדציות צבע עוזות ודינמיות,https://drive.google.com/thumbnail?id=1bCPZFc40QtK4loEsDEtNqvZ4-UtS7XMs&sz=w600,https://amitphotos.com,FALSE
1aYWwR25_GX10e7fqzNyWQDzYeHOLq8bE,טלה עם טיפות רוס,צילום מופשט,קורי עכביש מכוסה בטיפות טל זוהר בשמש הבוקר,https://drive.google.com/thumbnail?id=1aYWwR25_GX10e7fqzNyWQDzYeHOLq8bE&sz=w600,https://amitphotos.com,FALSE
1POBPyXo8c-t1oZWe69z-NH4UDtO-fcwu,גלים של צבע,צילום מופשט,תנועה אבסטרקטית של צבעים כחולים וצהובים במטפורה נזלת,https://drive.google.com/thumbnail?id=1POBPyXo8c-t1oZWe69z-NH4UDtO-fcwu&sz=w600,https://amitphotos.com,FALSE
1FzHlnK1Mj5awNstDqYFZ6BGjbzmbNA_R,רשת החיים של העלה,צילום מופשט,פרט מקרוב של עורקי עלה ירוקה המציגים את מבנהה המורכב והסימטרי,https://drive.google.com/thumbnail?id=1FzHlnK1Mj5awNstDqYFZ6BGjbzmbNA_R&sz=w600,https://amitphotos.com,FALSE
1SMdR3WP3i7gxALOh1jQGblgf9N6i4G9m,פרח השמש הזהוב,צילום מופשט,תצלום מקרוב של פרח חמנייה עם פרטי עלי הכלנית בצבעים חמים,https://drive.google.com/thumbnail?id=1SMdR3WP3i7gxALOh1jQGblgf9N6i4G9m&sz=w600,https://amitphotos.com,FALSE
1_nNBWRuQm0QsRVCTRYc2DMPfG5t5ciwk,קוצי הסבר ירוקים,צילום מופשט,מסך קרוב של קוצים חדים על פני קactus ירוק עדין,https://drive.google.com/thumbnail?id=1_nNBWRuQm0QsRVCTRYc2DMPfG5t5ciwk&sz=w600,https://amitphotos.com,FALSE
1xJHXlR19ElZ4SVcF_5-iMZqD3PJhOuS9,עיני הטווס המלכותי,צילום מופשט,נוצות טווס הודי עם עיניים זוהרות בירוק וכחול עמוק,https://drive.google.com/thumbnail?id=1xJHXlR19ElZ4SVcF_5-iMZqD3PJhOuS9&sz=w600,https://amitphotos.com,FALSE
1Oncer_8vC4XzjDXPKtHxVwVLLTFxT_Rr,קיר בוץ מופשט,צילום מופשט,טקסטורה טבעית של קיר בוץ עם הצללים ודפוסים עדינים,https://drive.google.com/thumbnail?id=1Oncer_8vC4XzjDXPKtHxVwVLLTFxT_Rr&sz=w600,https://amitphotos.com,FALSE
1_nMygIC3UIuFjY_xtRNxL9a0tdm8VSmS,טקסטורת עץ זית עתיק,צילום מופשט,"גוון וקמטים של קליפת עץ זית מזוקן, מעוצב בדפוסים טבעיים",https://drive.google.com/thumbnail?id=1_nMygIC3UIuFjY_xtRNxL9a0tdm8VSmS&sz=w600,https://amitphotos.com,FALSE
1n1-Ob-qJURqvptSc8SADLQWarG5Fbnj-,ספירלה תלויה,צילום מופשט,חוט מעוקל בספירלה על רקע כחול מינימליסטי,https://drive.google.com/thumbnail?id=1n1-Ob-qJURqvptSc8SADLQWarG5Fbnj-&sz=w600,https://amitphotos.com,FALSE
1QfIyE05hrV0QQogIOft7k-Y4smeS28BN,רקע כוסות קריסטל,צילום מופשט,שורות של כוסות זכוכית שקופות עם השתקפויות אור יוצרות דפוס אבסטרקטי,https://drive.google.com/thumbnail?id=1QfIyE05hrV0QQogIOft7k-Y4smeS28BN&sz=w600,https://amitphotos.com,FALSE
